url,text,title
https://phuclong.com.vn/khuyen-mai,"Phúc Long Trần Hưng Đạo hân hạnh phục vụ những ly trà, cà-phê thơm ngon, đậm vị đến bạn trong một không gian sang trọng, ấm cúng với nhiều góc ""sống ảo"" cho những bức hình xinh lung linh.

Đặc biệt, trong 3 ngày khai trương, Khách Hàng ghé thăm 2 cửa hàng mới sẽ có cơ hội nhận được những phần quà vô cùng hấp dẫn.

NỘI DUNG CHI TIẾT



Trong 3 ngày khai trương từ 18.11 - 20.11.2022, khi Khách hàng ghé thăm cửa hàng mới sẽ nhận được những ưu đãi hấp dẫn sau:

- Với hóa đơn từ 200.000đ được tặng Ly sứ độc đáo, phiên bản giới hạn chủ đề ""Vịnh Hạ Long"" 

- Với hóa đơn từ 250.000đ được tặng Bình giữ nhiệt Phúc Long tiện lợi

- Với hóa đơn từ 100.000đ được tặng Túi Tote/ Sổ tay Phúc Long độc đáo, xinh xắn

Chương trình quà tặng không áp dụng đồng thời với chương trình Thành Viên Phúc Long

Ngoài ra từ ngày 21.11 - 27.11.2022, với hóa đơn từ 55.000đ, Khách Hàng sẽ được tham gia vòng quay may mắn trúng các mã Gift Voucher sau:


	Mã mua 2 ly (size L) tặng 1 ly (size M)
	Mã mua 1 ly (size L) tặng 1 ly (size M)
	Mã mua combo Special Tea (size M) &amp; Cafe (size M) với giá 75.000đ


Các mã có hạn sử dụng là 04.12.2022. Sau thời gian trên mã sẽ không còn hiệu lực. 

LƯU Ý:

- Số lượng quà tặng có hạn và được phát cho đến khi hết quà. Khách hàng vui lòng gửi tin nhắn đến Fanpage Phuc Long Coffee &amp; Tea để được hỗ trợ thêm thông tin về chương trình.

- Chương trình có thể kết thúc sớm hơn dự kiến khi số lượng quà tặng/ mã Gift Voucher đã hết.

- Chương trình không áp dụng đồng thời các chương trình khuyến mãi.

LƯU Ý CHUNG:

- Chương trình áp dụng với các hình thức thanh toán: tiền mặt, thẻ ATM, thẻ tín dụng và ví điện tử.

- Không áp dụng chung với các chương trình khuyến mãi khác bao gồm: Thẻ Gift Card/Cashless, Voucher Phúc Long, Voucher Esteem Gift, Voucher Sodexo Meal, Chương trình Samsung, Voucher Got It, Chương trình Grab... và các chương trình khuyến mãi khác tương tự.",GRAND OPENING - PHÚC LONG TRẦN HƯNG ĐẠO
https://phuclong.com.vn/khuyen-mai,"Phúc Long 117 Hùng Vương: 117 Hùng Vương, P. 5, TP. Đông Hà, Tỉnh Quảng Trị

Cửa hàng Phúc Long 117 Hùng Vương với không gian rộng mở và hiện đại, hứa hẹn sẽ là điểm đến đầy thú vị cho các buổi hẹn hò &amp; gặp gỡ bạn bè, đồng nghiệp. Đặc biệt, trong 4 ngày khai trương, Khách Hàng ghé thăm các cửa hàng trên sẽ có cơ hội nhận được những phần quà vô cùng hấp dẫn.

NỘI DUNG CHI TIẾT



Trong 4 ngày khai trương từ 01.10 - 04.10.2022, khi Khách hàng ghé thăm cửa hàng mới sẽ nhận được những ưu đãi hấp dẫn sau:

- Bình giữ nhiệt Phúc Long tiện lợi với hóa đơn từ 250.000đ

- Ly sứ độc đáo phiên bản giới hạn ""Thành Cổ Quảng Trị"" với hóa đơn từ 120.000đ

- Túi Tote độc đáo, xinh xắn/ Sổ tay Phúc Long với hóa đơn từ 90.000đ

Ngoài ra, từ ngày 06.10 - 08.10.2022 với hóa đơn từ 55.000đ, Khách Hàng sẽ được tham gia vòng quay may mắn trúng các mã Gift Voucher sau:


	Mã mua 3 ly (size L) tặng 2 ly (size M)
	Mã mua 1 ly (size L) tặng 1 ly (size M)
	Voucher 50.000đ áp dụng cho hóa đơn từ 120.000đ
	Voucher 20.000đ áp dụng cho hóa đơn từ 55.000đ
	Mã mua combo 2 ly Special Tea (size M) với giá 65.000đ
	Mã mua combo Special Tea (size M) &amp; Cafe (size M) với giá 60.000đ


Đừng bỏ lỡ cơ hội nhận ngay mã ưu đãi 20,000đ và hàng trăm quà tặng miễn phí tại:


	Phúc Long 117 Hùng Vương: https://bit.ly/ktPL117HungVuong


LƯU Ý:

- Số lượng quà tặng có hạn và được phát cho đến khi hết quà. Khách hàng vui lòng gửi tin nhắn đến Fanpage Phuc Long Coffee &amp; Tea để được hỗ trợ thêm thông tin về chương trình.

- Chương trình có thể kết thúc sớm hơn dự kiến khi số lượng quà tặng/ mã Gift Voucher đã hết.

- Các Mã đổi quà tặng &amp; Gift Voucher có hạn sử dụng là 18.10.2022. Sau thời gian trên mã sẽ không còn hiệu lực. 

- Chương trình không áp dụng đồng thời các chương trình khuyến mãi.

LƯU Ý CHUNG:

- Chương trình áp dụng với các hình thức thanh toán: tiền mặt, thẻ ATM, thẻ tín dụng và ví điện tử.

- Không áp dụng chung với các chương trình khuyến mãi khác bao gồm: Voucher Phúc Long, Voucher Esteem Gift, Voucher Sodexo Meal, Chương trình Samsung, Voucher Got It, Chương trình Grab,... và các chương trình khuyến mãi khác tương tự.",GRAND OPENING: PHÚC LONG 117 HÙNG VƯƠNG
https://phuclong.com.vn/khuyen-mai,"Phúc Long Aeon Mall Long Biên: T334 - 6 Tầng 3, Aeon Mall Long Biên, P. Long Biên, Q. Long Biên, TP. Hà Nội

Phúc Long Aeon Mall Long Biên hân hạnh phục vụ những ly trà, cà-phê thơm ngon, đậm vị đến bạn trong một không gian ấm cúng với nhiều góc ""sống ảo"" cho những bức hình xinh lung linh.

Khách Hàng ghé thăm cửa hàng mới sẽ có cơ hội nhận được những phần quà vô cùng hấp dẫn.

NỘI DUNG CHI TIẾT



Từ ngày 18.03 - 19.03.2023, khi Khách hàng ghé thăm cửa hàng mới và mua hóa đơn từ 150,000đ sẽ được rút thăm với cơ hội 100% trúng thưởng một trong những phần quà sau:

- Bình giữ nhiệt Phúc Long

- Túi Tote độc đáo

- Ly sứ in họa tiết phiên bản giới hạn

- Ly giữ nhiệt điêu khắc 100 ngôi sao Phúc Long

LƯU Ý

- Số lượng quà tặng có hạn, chương trình có thể kết thúc sớm khi hết quà. Khách hàng vui lòng gửi tin nhắn đến Fanpage Phuc Long Coffee &amp; Tea để được hỗ trợ thêm thông tin về chương trình.

- Chương trình được áp dụng thẻ thành viên tích điểm, giảm giá (giá trị tham gia chương trình là giá trị cuối cùng trên hóa đơn)

LƯU Ý CHUNG

- Chương trình áp dụng với các hình thức thanh toán: tiền mặt, thẻ ATM, thẻ tín dụng và ví điện tử.

- Không áp dụng chung với các voucher &amp; các chương trình khuyến mãi khác bao gồm: Voucher Phúc Long, Voucher Giftpop, Voucher Sodexo Qr code, GotIt, Urbox … và các chương trình sử dụng voucher hoặc giảm giá tương tự khác.",GRAND OPENING - PHÚC LONG AEON MALL LONG BIÊN
https://phuclong.com.vn/khuyen-mai,"Khởi động ngày mới với bữa sáng vừa thơm ngon - đậm vị vừa rất tiết kiệm từ Phúc Long cùng COMBO “NGÀY TRÀN NĂNG LƯỢNG” với giá chỉ từ 40.000đ.

NỘI DUNG CHI TIẾT



Từ ngày 07.10 - 31.12.2022 trong khung giờ từ 7h - 10h, Khách hàng ghé trực tiếp cửa hàng (*), đặt hàng qua hotline 1800 6779, hoặc ứng dụng Delivery sẽ được hưởng ưu đãi:

Combo ""Ngày Tràn Năng Lượng"" gồm 1 ly cà phê Đen Đá size Vừa (**) &amp; 1 Bánh Croissant với giá 40.000đ hoặc cà phê Sữa Đá size Vừa (**) &amp; 1 Bánh Croissant với giá 45.000đ. Ngoài ra, Khách hàng có thể:

- Bù thêm 5.000đ để đổi sang Combo 3 Bánh Mì Que

- Bù thêm 15.000đ để đổi sang Bánh Mì Phúc Long

- Bù tiền chênh lệch để đổi sang ly size Lớn

LƯU Ý:

(*) Danh sách cửa hàng áp dụng:


	HTCH Phúc Long Flagship (trừ cửa hàng Phuc Long Premium Xuân Thủy)
	Cửa hàng Phúc Long G'Day có phục vụ menu Food &amp; Phúc Long WinLife 


(**) Riêng cửa hàng Phúc Long G'Day &amp; WinLife giá combo trên áp dụng cho ly size Lớn.

- Số lượng combo mỗi ngày có hạn &amp; chia đều cho từng cửa hàng. Chương trình có thể kết thúc sớm trong ngày.

- Bánh các loại sẽ tuỳ thuộc vào độ sẵn có của từng cửa hàng &amp; thời điểm trong ngày. Khách hàng vui lòng liên hệ thu ngân để được tư vấn chương trình.

LƯU Ý CHUNG: 

- Chương trình ưu đãi áp dụng cho các hình thức thanh toán: tiền mặt, thẻ ATM, thẻ tín dụng và ví điện tử.

- Không áp dụng đồng thời với các chương trình khuyến mãi khác (nếu có) bao gồm: Voucher Phúc Long, Thẻ Phúc Long Gift Card/ Cashless Card, Voucher Esteem Gift, Voucher Sodexo Meal, Chương trình Samsung, Chương trình Got It... và các chương trình khuyến mãi khác tương tự.","COMBO ""NGÀY TRÀN NĂNG LƯỢNG"" CHỈ TỪ 40,000Đ"
https://phuclong.com.vn/khuyen-mai,"Với trà Phúc Long đậm vị được chiết xuất thủ công, kết hợp với trái vải tươi căng mọng hoà quyện trên nền trà hoa Hibicus đỏ hồng thơm ngọt, được lắc đều tay tạo bọt mịn màng thay vì khuấy đã tạo nên ly Trà Vải Tươi Dầm chuẩn vị tươi ngon, đậm chất nhiệt đới.

Trà Vải Tươi Dầm hiện đang phục vụ tại các cửa hàng Phúc Long truyền thống trên toàn quốc. Danh sách HTCH Phúc Long xem tại đây.

Để mùa hè của bạn thêm thú vị và đáng nhớ, Phúc Long mang đến ""cơn lốc"" ưu đãi hấp dẫn dành riêng cho bạn khi thưởng thức món Trà Vải Tươi Dầm.

HÀNG NGHÌN GIFT VOUCHER 15.000Đ ""CHILL"" HÈ MÁT LẠNH



Quét mã QR hoặc truy cập đường link: by.com.vn/code15ktravaituoidam để lấy ngay mã giảm giá 15,000đ.

HSD: 07 ngày kể từ ngày lấy mã.

COMBO ""MÁT LẠNH NGÀY HÈ"" CHỈ TỪ 69.000Đ



Từ ngày 18.07.2022 - 31.08.2022, Khách hàng ghé cửa hàng Phúc Long trên toàn quốc sẽ nhận được ưu đãi sau:


	Mua Combo Trà Vải Tươi Dầm &amp; Bánh Croissant với giá ưu đãi 69,000đ.
	Khách hàng bù thêm 10,000đ để đổi sang Bánh Mì Phúc Long/Bánh Mì Bơ Tỏi/Bánh Croissant Kim Sa.


MUA 2 TẶNG 1 - HÈ THÊM BẠN MỚI, THÊM NHIỀU NIỀM VUI



Từ ngày 18.07.2022 - 31.08.2022, Khách hàng ghé cửa hàng Phúc Long trên toàn quốc sẽ nhận được ưu đãi sau:


	Mua 2 ly size L (trong đó có 1 ly Trà Vải Tươi Dầm) sẽ được tặng 1 ly size M bất kỳ trong nhóm Speical Tea &amp; Cà phê.


LƯU Ý CHUNG:

- Số lượng ưu đãi có hạn. Bánh tùy thuộc vào từng cửa hàng. Chương trình có thể kết thúc sớm hơn dự kiến.

- Chương trình áp dụng với các hình thức thanh toán: tiền mặt, thẻ ATM, thẻ tín dụng và ví điện tử.

- Không áp dụng chung với các chương trình khuyến mãi khác bao gồm: thẻ Thành viên VIP ưu đãi giảm giá 10%, Diamond 15% và tích điểm, Thẻ Gift Card/Cashless, Voucher Phúc Long, Voucher Esteem Gift, Voucher Sodexo Meal, Chương trình Samsung, Voucher Got It, Chương trình Grab... và các chương trình khuyến mãi khác tương tự.","""CHILL"" HÈ NGẤT NGÂY, ƯU ĐÃI BẤT TẬN CÙNG TRÀ VẢI TƯƠI DẦM"
https://phuclong.com.vn/khuyen-mai,"Phúc Long 76 Trần Hưng Đạo: 76 Trần Hưng Đạo, TP. Vũng Tàu, Tỉnh Bà Rịa - Vũng Tàu

Tọa lạc tại thành phố biển Vũng Tàu, Phúc Long 76 Trần Hưng Đạo với không gian rộng mở, hiện đại, hứa hẹn sẽ là điểm đến lý tưởng để thưởng thức những ly trà, cà-phê thơm ngon, đậm vị cùng bạn bè và người thân.

Chào đón cửa hàng Flagship đầu tiên tại thành phố biển, trong 3 ngày khai trương, Khách Hàng ghé thăm cửa hàng Phúc Long 76 Trần Hưng Đạo sẽ có cơ hội nhận được những phần quà vô cùng hấp dẫn.

NỘI DUNG CHI TIẾT



Trong 3 ngày khai trương từ 22.07.2022 - 24.07.2022, khi Khách hàng ghé thăm cửa hàng mới sẽ nhận được những ưu đãi hấp dẫn sau:

- Bình giữ nhiệt Phúc Long tiện lợi với hóa đơn từ 250.000đ

- Ly sứ độc đáo phiên bản giới hạn ""Ngọn Hải Đăng Trên Biển"" với hóa đơn từ 120.000đ

- Túi Tote độc đáo, xinh xắn/ Sổ tay Phúc Long với hóa đơn từ 90.000đ

Ngoài ra, với hóa đơn từ 55.000đ Khách Hàng sẽ được tham gia vòng quay may mắn trúng các mã Gift Voucher sau:


	Mã mua 3 ly (size L) tặng 2 ly (size M)
	Mã mua 1 ly (size L) tặng 1 ly (size M)
	Voucher 50.000đ áp dụng cho hóa đơn từ 120.000đ
	Voucher 20.000đ áp dụng cho hóa đơn từ 55.000đ
	Mã mua combo 2 ly Special Tea (size M) với giá 65.000đ
	Mã mua combo Special Tea (size M) &amp; Cafe (size M) với giá 60.000đ


Đừng bỏ lỡ cơ hội nhận ngay mã ưu đãi 20,000đ và hàng trăm quà tặng miễn phí tại: https://by.com.vn/kt76tranhungdao

LƯU Ý:

- Số lượng quà tặng có hạn và được phát cho đến khi hết quà. Khách hàng vui lòng gửi tin nhắn đến Fanpage Phuc Long Coffee &amp; Tea để được hỗ trợ thêm thông tin về chương trình.

- Chương trình có thể kết thúc sớm hơn dự kiến khi số lượng quà tặng/ mã Gift Voucher đã hết.

- Các Mã đổi quà tặng &amp; Gift Voucher có hạn sử dụng là 07.08.2022. Sau thời gian trên mã sẽ không còn hiệu lực. 

- Chương trình không áp dụng đồng thời các chương trình khuyến mãi.

- Cửa hàng Phúc Long 76 Trần Hưng Đạo luôn thực hiện nghiêm túc các biện pháp phòng, chống dịch theo khuyến cáo “5K” của bộ Y Tế. Tại cửa hàng, Khách hàng luôn tuân thủ việc mang khẩu trang, đo thân nhiệt, sát khuẩn khi vào cửa hàng, giữ khoảng cách và tuân theo hướng dẫn của nhân viên nhằm không tụ tập, ùn tắc tại cửa hàng.

LƯU Ý CHUNG:

- Chương trình áp dụng với các hình thức thanh toán: tiền mặt, thẻ ATM, thẻ tín dụng và ví điện tử.

- Không áp dụng chung với các chương trình khuyến mãi khác bao gồm: thẻ Thành viên VIP ưu đãi giảm giá 10%, Diamond 15% và tích điểm, Thẻ Gift Card/Cashless, Voucher Phúc Long, Voucher Esteem Gift, Voucher Sodexo Meal, Chương trình Samsung, Voucher Got It, Chương trình Grab... và các chương trình khuyến mãi khác tương tự.",GRAND OPENING: PHÚC LONG 76 TRẦN HƯNG ĐẠO
https://phuclong.com.vn/khuyen-mai,"Một mùa Trung Thu sum vầy lại đến. Để Tết Trung Thu thêm phần đầm ấm, Phúc Long xin gửi tặng những hộp Bánh Trung Thu “Thưởng Nguyệt Đoàn Viên”, như một lời chúc đến cho khách hàng luôn ủng hộ và yêu mến Phúc Long qua Minigame ""Trung Thu Vui Vầy - Quà Đầy Yêu Thương”.


	220 Bánh Trung Thu (150g) với 8 Hương vị khác nhau 
	110 Hộp bánh Song Hảo (Song Hảo Thỏ Ngọc/Song Hảo Thưởng Nguyệt)


THỂ LỆ CHƯƠNG TRÌNH



Thể lệ chương trình ""Trung Thu Vui Vầy - Quà Đầy Yêu Thương""

Thời gian: Khi bài đăng Minigame được thông báo trên Fanpage đến 23:59 phút ngày 05.08.2022

Các bước tham dự Minigame:


	
	Bước 1: Like Fanpage, bài viết và bình luận lí do chia sẻ bánh Trung Thu Phúc Long “Thưởng Nguyệt Đoàn Viên” cùng với những người bạn/ người thân mà mình mong muốn gặp trong dịp Tết Trung Thu này.
	
	
	Bước 2: Tag ít nhất 1 người bạn.
	


Quy trình trao thưởng:

Thời gian Phúc Long kiểm tra tài khoản hợp lệ và gửi tin nhắn về thông tin vòng quay thưởng: 30.07 - 06.08.2022.

Thời gian tham gia vòng quay để nhận quà: 07.08 - 10.08.2022.

Thời gian nhận quà tại cửa hàng khi trúng giải: 07.08 - 20.08.2022.

Cách thức tham gia vòng quay may mắn:


	
	Khách hàng nhận được tin nhắn, truy cập vào đường link vòng quay, đăng nhập bằng mã dự thưởng mà Phúc Long cung cấp. 
	
	
	Điền đầy đủ và chính xác các thông tin và nhấn quay thưởng.
	
	
	Quà tặng và mã đổi quà xuất hiện trên màn hình, chụp lại màn hình điện thoại có đoạn mã đổi quà.
	
	
	Khách hàng đến cửa hàng Phúc Long có bán bánh trung thu, xuất trình màn hình điện thoại có mã đổi quà cho thu ngân và nhận quà tặng.
	
	
	Danh sách hệ thống cửa hàng Phúc Long: https://order.phuclong.com.vn/content/he-thong-cua-hang-phuc-long-coffee-tea
	


Các lưu ý và quy định khác:


	
	Tài khoản Facebook hợp lệ phải là tài khoản thật, chính chủ.
	
	
	Bài đăng chia sẻ tại trang cá nhân phải ở chế độ công khai.
	
	
	Thời gian tham gia vòng quay để nhận quà: 07.08 - 10.08.2022. Sau thời gian trên, vòng quay may mắn sẽ không còn hiệu lực.
	
	
	Thời gian nhận quà tại cửa hàng khi trúng giải: 07.08 - 20.08.2022. Sau thời gian trên, mã đổi quà sẽ không còn hiệu lực.
	
	
	Vị bánh &amp; Hộp Bánh Trung Thu sẽ được tặng ngẫu nhiên tại cửa hàng.",MINIGAME: TRUNG THU VUI VẦY - QUÀ ĐẦY YÊU THƯƠNG
https://phuclong.com.vn/khuyen-mai,"Phúc Long Nha Trang Center: 20 Trần Phú, Phường Lộc Thọ, TP. Nha Trang, Tỉnh Khánh Hòa

Với mong muốn mỗi Khách Hàng đều có một cửa hàng Phúc Long gần nhà, Phúc Long tiếp tục mở rộng thêm cửa hàng mới - Phúc Long Nha Trang Center giúp Khách Hàng dễ dàng thưởng thức những ly trà - cà phê thơm ngon, đậm vị.

Để chào mừng cửa hàng mới, trong 3 ngày khai trương, Khách hàng ghé cửa hàng Phúc Long Nha Trang Center sẽ nhận được những ưu đãi đặc biệt.

NỘI DUNG CHI TIẾT



Từ 01.05 - 03.05.2022, khi Khách Hàng ghé thăm cửa hàng mới sẽ có cơ hội nhận được những ưu đãi hấp dẫn sau:

- Bình giữ nhiệt Phúc Long tiện lợi với hóa đơn từ 250.000đ

- Ly sứ độc đáo phiên bản giới hạn ""Nắng hè rực rỡ"" với hóa đơn từ 120.000đ

- Túi Tote độc đáo, xinh xắn với hóa đơn từ 90.000đ

Ngoài ra, với hóa đơn từ 55.000đ Khách Hàng được tham gia vòng quay may mắn trúng các mã Gift Voucher sau:

+ Mã mua 3 ly (size L) tặng 2 ly (size M)

+ Mã mua 1 ly (size L) tặng 1 ly (size M)

+ Voucher 50.000đ áp dụng cho hóa đơn từ 120.000đ

+ Voucher 20.000đ áp dụng cho hóa đơn từ 55.000đ

+ Mã mua combo 2 ly Special Tea (size M) với giá 65.000đ

+ Mã mua combo Special Tea (size M) &amp; Cafe (size M) với giá 60.000đ

LƯU Ý:

- Số lượng quà tặng có hạn và được phát cho đến khi hết quà. Khách hàng vui lòng gửi tin nhắn đến Fanpage Phuc Long Coffee &amp; Tea để được hỗ trợ thêm thông tin về chương trình.

- Chương trình có thể kết thúc sớm hơn dự kiến khi số lượng quà tặng/ mã Gift Voucher đã hết.

- Các Mã đổi quà tặng &amp; Gift Voucher có hạn sử dụng là 16.05.2022. Sau thời gian trên mã sẽ không còn hiệu lực. 

- Chương trình không áp dụng đồng thời các chương trình khuyến mãi.

- Cửa hàng Phúc Long Nha Trang Center luôn thực hiện nghiêm túc các biện pháp phòng, chống dịch theo khuyến cáo “5K” của bộ Y Tế. Tại cửa hàng, Khách hàng luôn tuân thủ việc mang khẩu trang, đo thân nhiệt, sát khuẩn khi vào cửa hàng, giữ khoảng cách và tuân theo hướng dẫn của nhân viên nhằm không tụ tập, ùn tắc tại cửa hàng.

LƯU Ý CHUNG:

- Chương trình áp dụng với các hình thức thanh toán: tiền mặt, thẻ ATM, thẻ tín dụng và ví điện tử.

- Không áp dụng chung với các chương trình khuyến mãi khác bao gồm: thẻ Thành viên VIP ưu đãi giảm giá 10%, Diamond 15% và tích điểm, Thẻ Gift Card/Cashless, Voucher Phúc Long, Voucher Esteem Gift, Voucher Sodexo Meal, Chương trình Samsung, Voucher Got It, Chương trình Grab... và các chương trình khuyến mãi khác tương tự.",GRAND OPENING PHÚC LONG NHA TRANG CENTER
https://phuclong.com.vn/khuyen-mai,"Phúc Long Trương Công Định: 30 Trương Công Định, P.1, TP.Đà Lạt, Lâm Đồng

Với mong muốn mỗi Khách hàng đều sẽ có một cửa hàng Phúc Long gần nhà để dễ dàng thưởng thức những ly trà - cà phê đậm vị, Phúc Long tiếp tục mở rộng thêm cửa hàng mới - Phúc Long Trương Công Định.

Đặc biệt, trong 3 ngày khai trương, Khách Hàng ghé thăm cửa hàng Phúc Long Trương Công Định sẽ có cơ hội nhận được những phần quà vô cùng hấp dẫn.

NỘI DUNG CHI TIẾT



Trong 3 ngày khai trương từ 20.05.2022 - 22.05.2022, khi Khách hàng ghé thăm cửa hàng mới sẽ nhận được những ưu đãi hấp dẫn sau:

- Bình giữ nhiệt Phúc Long tiện lợi với hóa đơn từ 250.000đ

- Ly sứ độc đáo phiên bản giới hạn ""Thành phố ngàn hoa"" với hóa đơn từ 120.000đ

- Túi Tote độc đáo, xinh xắn với hóa đơn từ 90.000đ

Ngoài ra, với hóa đơn từ 55.000đ Khách Hàng được tham gia vòng quay may mắn trúng các mã Gift Voucher sau:


	Mã mua 3 ly (size L) tặng 2 ly (size M)
	Mã mua 1 ly (size L) tặng 1 ly (size M)
	Voucher 50.000đ áp dụng cho hóa đơn từ 120.000đ
	Voucher 20.000đ áp dụng cho hóa đơn từ 55.000đ
	Mã mua combo 2 ly Special Tea (size M) với giá 65.000đ
	Mã mua combo Special Tea (size M) &amp; Cafe (size M) với giá 60.000đ


LƯU Ý:

- Số lượng quà tặng có hạn và được phát cho đến khi hết quà. Khách hàng vui lòng gửi tin nhắn đến Fanpage Phuc Long Coffee &amp; Tea để được hỗ trợ thêm thông tin về chương trình.

- Chương trình có thể kết thúc sớm hơn dự kiến khi số lượng quà tặng/ mã Gift Voucher đã hết.

- Các Mã đổi quà tặng &amp; Gift Voucher có hạn sử dụng là 03.06.2022. Sau thời gian trên mã sẽ không còn hiệu lực. 

- Chương trình không áp dụng đồng thời các chương trình khuyến mãi.

- Cửa hàng Phúc Long Trương Công Định luôn thực hiện nghiêm túc các biện pháp phòng, chống dịch theo khuyến cáo “5K” của bộ Y Tế. Tại cửa hàng, Khách hàng luôn tuân thủ việc mang khẩu trang, đo thân nhiệt, sát khuẩn khi vào cửa hàng, giữ khoảng cách và tuân theo hướng dẫn của nhân viên nhằm không tụ tập, ùn tắc tại cửa hàng.

LƯU Ý CHUNG:

- Chương trình áp dụng với các hình thức thanh toán: tiền mặt, thẻ ATM, thẻ tín dụng và ví điện tử.

- Không áp dụng chung với các chương trình khuyến mãi khác bao gồm: thẻ Thành viên VIP ưu đãi giảm giá 10%, Diamond 15% và tích điểm, Thẻ Gift Card/Cashless, Voucher Phúc Long, Voucher Esteem Gift, Voucher Sodexo Meal, Chương trình Samsung, Voucher Got It, Chương trình Grab... và các chương trình khuyến mãi khác tương tự.",GRAND OPENING: PHÚC LONG TRƯƠNG CÔNG ĐỊNH
https://www.dienmayxanh.com/khuyen-mai,"Sale sốc cuối tuần tại Điện máy XANH, hàng loạt sản phẩm Gia dụng 'VERY NGON' nhưng có giá rẻ quá 'VERY GOOD', chỉ từ 170K cùng nhiều ưu đãi hấp dẫn khác. Deal ngon giá tốt, chốt liền tay thôi bạn ơi!1. Thời gian khuyến mãi: 28/07 - 30/07/20232. Nội dung chương trình- Sale sốc cuối tuần, Điện máy XANH mở bán hàng loạt các sản phẩm gia dụng với giá cực RẺ, giảm siêu SỐC chỉ từ 170.000đ.Lưu ý:","Giá sốc cuối tuần: Gia dụng 'VERY NGON', giá rẻ quá 'VERY GOOD' - Chỉ từ 170.000đ. Mua ngay!"
https://www.dienmayxanh.com/khuyen-mai,"Hòa nhịp với không khí sôi động mùa World Cup nữ 2023 và thưởng thức những trận cầu đỉnh cao. Điện máy XANH gửi ngàn tim đến tuyển nữ Việt Nam cùng ưu đãi hấp dẫn cho người hâm mộ khi mua tivi với Giá RẺ Quá. Số lượng có hạn, mua ngay để tận hưởng những trận cầu hấp dẫn, hết mình cùng World Cup ngay hôm nay!1. Thời gian khuyến mãi: Từ 21/07 - 23/07/20232. Nội dung chương trìnhNgàn tim gửi đội tuyển nữ, Điện máy XANH sale ngàn tivi to giá rẻ quá để cổ vũ cho đội tuyển Việt Nam tại World Cup nữ 2023, cụ thể:STT


Tên sản phẩm


Giá niêm yết


Giá khuyến mãi


Số lượng




1


Smart tivi Samsung 55 inch 55AU8100


13.400.000đ


9.490.000đ


500 suất




2


Google tivi TCL 4K 58 inch 58P635


10.490.000đ


5.990.000đ


500 suất","Ngàn tim gửi đội tuyển nữ - Ngàn tivi to giá rẻ quá, chỉ từ 5.9 triệu"
https://www.dienmayxanh.com/khuyen-mai,"Bạn đang tìm kiếm một chiếc màn hình máy tính để làm việc, học tập hay chơi game và lướt web một cách thoải mái? Vậy thì đừng bỏ lỡ khuyến mãi hấp dẫn giảm đến 1.4 triệu dành cho Màn hình Asus tại Điện máy XANH khi mua kèm Laptop. Chi tiết như sau!1. Thời gian khuyến mãi: 12/07 - 31/07/20232. Nội dung chương trìnhTrong thời gian diễn ra, khi mua Laptop trạng thái mới, khách hàng sẽ được mua kèm 1 trong 4 màn hình Asus với mức giảm sốc, cụ thể:STT


Tên sản phẩm


Giảm thêm khi mua kèm (đ)




1


Asus ProArt PA247CV 23.8 inch FHD IPS


1.400.000




2


Màn hình Asus ProArt PA278CV 27 inch 2K


1.300.000




3


Asus Gaming ROG Strix XG249CM 23.8 inch FHD Fast IPS


900.000




4


Màn hình Asus VA24EHF 23.8 inch


500.000",Màn hình Asus giảm đến 1.4 triệu khi mua kèm Laptop
https://www.dienmayxanh.com/khuyen-mai,"Chính thức đưa realme 11 Pro Series 5G chính hãng về Việt Nam! - Ra mắt từ 31/07/2023. Điện máy XANH mở đặt trước nhận ưu đãi hấp dẫn: Giảm ngay 300K, trả góp 0% và quà đến 3.4 triệu. realme 11 Pro Series không chỉ nổi bật về thiết kế, đó còn là camera tuyệt vời và trải nghiệm tổng thể cực mượt mà.1. Thời gian đặt trước: 25/07 - 31/07/20232. Nội dung chương trìnhTrong thời gian diễn ra, khi đặt trước realme 11 Pro Series 5G tại Điện máy XANH và Thế Giới Di Động, khách hàng sẽ nhận được ưu đãi cực hấp dẫn:- Giảm ngay 300.000đ","realme 11 Pro Series 5G - Đặc biệt tại TGDĐ phiên bản 11 Pro+ 5G: Đặt trước giảm ngay 300K, trả góp 0% và quà đến 3.4 triệu"
https://www.dienmayxanh.com/khuyen-mai,"Chương trình ""Vòng quay may mắn"" dành riêng cho khách hàng mua Điện thoại cao cấp tại Điện máy XANH và Thế Giới Di Động. Tham gia ngay để có cơ hội trúng mã giảm thêm đến 1.6 triệu đồng cực hấp dẫn. Giá RẺ Quá, nay lại rẻ hơn với ưu đãi độc quyền. Tìm hiểu chi tiết ngay!1. Thời gian diễn ra: Từ 20/07 - 31/07/20232. Nội dung chương trìnhTrong thời diễn ra, khi mua Điện thoại cao cấp (theo danh sách áp dụng) tại Điện máy XANH và Thế Giới Di Động, khách hàng sẽ được tham gia vòng quay may mắn để nhận được mã giảm thêm từ 100.000đ - 1.600.000đ.- Áp dụng giảm giá trực tiếp vào đơn hàng.",Vòng quay may mắn - Nhận mã giảm thêm đến 1.6 triệu khi mua Điện thoại cao cấp
https://www.dienmayxanh.com/khuyen-mai,"Khuyến mãi cực sốc cuối tháng, Điện máy XANH Xả kho Gia dụng với mức giá tốt nhất từ trước đến nay. Giá rẻ quá, chỉ từ 196K đã sở hữu sản phẩm “VERY NGON"". Đặc biệt mua càng nhiều, giảm càng lớn đến 10%. Nhanh tay đặt mua ngay để không bỏ lỡ cơ hội cuối rinh sản phẩm tốt giá hời ngay hôm nay!1. Thời gian khuyến mãi: 25/07 - 31/07/20232. Nội dung chương trình- Xả kho gia dụng, Điện máy XANH ưu đãi cực sốc đến 50%++ với nhiều sản phẩm giá siêu hấp dẫn, chỉ từ 196.000đ.- Đặc biệt, càng mua càng giảm: Giảm thêm từ 2% - 10% khi mua từ sản phẩm thứ 2","Gia dụng xả kho - Giá rẻ quá, chỉ từ 196.000đ. Càng mua càng giảm từ 2% - 10%"
https://www.dienmayxanh.com/khuyen-mai,"BLACKPINK in your area là có thiệt bạn ơi! Cơ hội đi gặp idol đang nằm trong tay bạn đó, hãy nhanh tay săn ngay 5 vé concert BORN PINK Platinum dành tặng Samfans. Chương trình chỉ có tại Thế Giới Di Động, săn vé liền và chuẩn bị lên đồ đi gặp các chị 'hồng đen' thôi!1. Thời gian diễn ra: Từ 14 - 22/07/2023.2. Cách thức tham giaBước 1: Khách Hàng nhấn nút Đăng ký ngay để lại thông tin săn vé  trên website TẠI ĐÂYBước 2: Share Facebook với điều kiện:","Nhập hội idol! Tặng Samsung fan 5 vé BORN PINK Platinum cực dễ, chỉ cần Share"
https://www.dienmayxanh.com/khuyen-mai,"Sinh nhật to đùng sẵn sàng tiếp deal cho bạn shopping thả ga, Điện máy XANH giảm mạnh loạt laptop với giá rẻ quá, bán hàng không lợi nhuận. Đặc biệt, Học sinh - Sinh viên giảm thêm đến 500K. 1 năm chỉ có 1 lần, nhanh tay đặt mua ngay kẻo lỡ bạn ơi!1. Thời gian khuyến mãi: Duy nhất 3 ngày, 14, 15 và 16/07/20232. Nội dung khuyến mãi:- Mừng sinh nhật 18+1, Điện máy XANH mở bán hàng loạt các sản phẩm Laptop với giá cực RẺ, giảm siêu SỐC chỉ từ- Đặc biệt ưu đãi dành riêng cho Học Sinh - Sinh Viên (Các cấp Mẫu giáo,Tiểu học, Trung học, Cao đẳng, Đại học, Thạc Sĩ, Tiến Sĩ, ...) và Giáo viên Giảng viên các cấp được giảm thêm đến 500K.","Sinh nhật 18+1, Laptop sale 3 ngày vàng không lợi nhuận, HSSV giảm thêm đến 500K"
https://www.dienmayxanh.com/khuyen-mai,"Muốn làm việc, giải trí hết mình - rước ngay màn hình Asus giảm giá siêu đỉnh, giá chỉ từ 2.590.000đ. Đặc biệt lại được tặng phiếu mua hàng màn hình 300K khi mua kèm Laptop. Màn hình siêu xịn, thiết kế ấn tượng nay lại còn ngập tràn deal sale, nhanh tay đặt mua ngay kẻo lỡ!1. Thời gian khuyến mãi: Đến 31/07/20232. Nội dung chương trình- Trong thời gian diễn ra, Điện máy XANH sale hàng loạt Màn hình Asus ""very HỢP"" với Giá rẻ quá ""very GOOD"", cụ thể:+ Màn hình Văn phòng Asus giá chỉ từ 2.590.000đNhanh tay đến Điện máy XANH để mua các sản phẩm với khuyến mãi cực hấp dẫn nhé! Mọi thông tin thắc mắc về chương trình, hãy gọi vào tổng đài miễn phí 18001061 để được hỗ trợ!","Màn hình Asus ""very HỢP"" - Giá rẻ quá chỉ từ 2590K, tặng phiếu mua hàng màn hình 300k khi mua laptop"
https://www.dienmayxanh.com/khuyen-mai,"Mở bán OPPO A78 tại Điện máy XANH với ưu đãi hấp dẫn: Giá chỉ 6.990.000đ còn được GIẢM THÊM 500.000đ + Trả góp 0%. ""Tinh hoa hội tụ"" trong chiếc OPPO A78 làm siêu lòng với vẻ ngoài thiết kế trẻ trung, hiện đại cùng hiệu năng vô cùng chất lượng. Nhanh tay đặt mua ngay kẻo lỡ!1. Thời gian khuyến mãi: 15/7 - 31/7/20232. Nội dung chương trìnhMở bán Điện thoại OPPO A78, Điện máy XANH ưu đãi hấp dẫn dành cho khách hàng đặt mua trong thời gian diễn ra, cụ thể:+ Giá chỉ 6.990.000đ còn được GIẢM THÊM 500.000đNhanh tay đến Điện máy XANH để mua các sản phẩm với khuyến mãi cực hấp dẫn nhé! Mọi thông tin thắc mắc về chương trình, hãy gọi vào tổng đài miễn phí 18001061 để được hỗ trợ!",OPPO A78: Đa Z Phone - Đa Trải Nghiệm: Giảm ngay 500K + Trả góp 0%. Mua ngay!
https://www.dienmayxanh.com/khuyen-mai,"Chỉ cần mua kèm Tivi, Tủ lạnh, Máy lạnh hoặc Máy giặt tại Điện máy XANH, bạn có thể tiết kiệm đến 15% khi mua combo máy sấy quần áo và máy rửa chén. Đây là một cơ hội tuyệt vời để sở hữu các sản phẩm chất lượng với giá hấp dẫn, hãy đến ngay Điện máy XANH để không bỏ lỡ ưu đãi này!1. Thời gian khuyến mãi: 01/07 - 31/07/20232. Nội dung chương trìnhTrong thời gian diễn ra, khi mua Tivi, Tủ lạnh, Máy lạnh, Máy giặt tại Điện máy XANH, bạn sẽ được tặng suất mua kèm Máy sấy quần áo và Máy rửa chén giảm thêm đến 15%.Lưu ý:","Máy sấy quần áo, Máy rửa chén giảm thêm đến 15% khi mua kèm Điện tử, Điện lạnh"
https://www.dienmayxanh.com/khuyen-mai,"Bạn đang tìm kiếm một màn hình máy tính với thiết kế hiện đại, chất lượng hình ảnh tuyệt vời và tiện ích vượt trội phù hợp với công việc, giải trí… Với mức giá chỉ từ 1.890.000đ bạn đã sở hữu ngay Màn hình máy tính siêu xịn, hình ảnh sắc nét tại Điện máy XANH. Đặc biệt lại được tặng phiếu mua hàng màn hình 300K khi mua kèm Laptop. Deal sale quá hấp dẫn, nhanh tay đặt mua ngay bạn ơi!1. Thời gian khuyến mãi: Đến 31/07/20232. Nội dung chương trình- Trong thời gian diễn ra, Điện máy XANH sale hàng loạt Màn hình máy tính ""very HỢP"" với Giá rẻ quá ""very GOOD"", chỉ từ 1.890.000đ- Đặc biệt, tặng voucher màn hình giảm thêm 300.000đ khi mua kèm Laptop trạng thái mới.Nhanh tay đến Điện máy XANH để mua các sản phẩm với khuyến mãi cực hấp dẫn nhé! Mọi thông tin thắc mắc về chương trình, hãy gọi vào tổng đài miễn phí 18001061 để được hỗ trợ!","Màn hình Máy tính “very HỢP”, giá rẻ quá chỉ từ 1890K, tặng phiếu mua hàng màn hình 300k khi mua laptop"
https://www.dienmayxanh.com/khuyen-mai,"Chương trình ""Vòng quay may mắn"" dành riêng cho khách hàng mua Laptop tại Điện máy XANH và Thế Giới Di Động. Tham gia ngay để có cơ hội trúng mã giảm thêm đến 1 triệu đồng cực hấp dẫn. Giá RẺ Quá, nay lại rẻ hơn với ưu đãi độc quyền. Tìm hiểu chi tiết ngay!1. Thời gian diễn ra: Từ ngày 10/07 - 31/07/20232. Nội dung chương trìnhTrong thời diễn ra, khi mua Laptop tại Điện máy XANH và Thế Giới Di Động, khách hàng sẽ được tham gia vòng quay may mắn để nhận được mã giảm thêm từ 100.000đ - 1.000.000đ.- Áp dụng giảm giá trực tiếp vào đơn hàng.",Vòng quay may mắn - Nhận mã giảm thêm đến 1 triệu khi mua Laptop tại Điện máy XANH
https://www.dienmayxanh.com/khuyen-mai,"Đừng bỏ qua đợt giảm SỐC chưa từng có tại Điện máy XANH vào ngày 15/07/2023 sắp tới, mang đến cho các Chị em và Bà nội trợ cơ hội sở hữu hàng loạt sản phẩm chất lượng với giá RẺ đến KINH NGẠC! Tin được không chỉ từ 10.000đ. Lên lịch tham gia ngay, rước sản phẩm liền tay!1. Thời gian diễn ra: Từ 17h ngày 15/07/20232. Địa điểm: 75 siêu thị trên toàn quốc.Theo danh sách phía dưới.3. Nội dung chương trình",GIÁ RẺ QUÁ - Lễ hội mua sắm tại Điện máy XANH trên toàn quốc. Duy nhất ngày 15/07/2023
https://www.dienmayxanh.com/khuyen-mai,"Khuyến mãi hấp dẫn khi quý khách hàng mua Tivi, Tủ lạnh, Máy lạnh, Máy giặt... tại Điện máy XANH sẽ được giảm đến 3 triệu đồng cho đơn hàng máy lọc nước khi mua kèm. Mời bạn cùng xem chi tiết nhé!1. Thời gian áp dụng: Từ 05/07 - 31/07/20232. Nội dung chương trình:- Trong thời gian ưu đãi, khách hàng khi mua các sản phẩm chính Điện tử, Điện lạnh, Gia dụng,... tại Điện máy XANH sẽ được tặng suất mua kèm Máy lọc nước giảm đến 3 triệu đồng.- Sản phẩm chính gồm: Tivi, tủ lạnh, máy lạnh, máy giặt, máy nước nóng, máy sấy, loa karaoke, tủ đông-tủ mát, Máy rửa chén, Dụng cụ gia đình, Tablet, Laptop, Đồng hồ, Xe đạp, Điện Gia dụng, Gia dụng lắp đặt.","Máy lọc nước giảm đến 3 triệu khi mua kèm sản phẩm Điện tử, Điện lạnh, Gia dụng..."
https://www.dienmayxanh.com/khuyen-mai,"Cơ hội sở hữu iPhone 14 cực chất và hàng ngàn giải thưởng giá trị khi mua các sản phẩm Máy lọc nước và thiết bị gia dụng thương hiệu Mutosi tại Điện máy XANH. Mua ngay với cơ hội 100% trúng quà và tận hưởng Sống khỏe chuẩn Nhật ngay tại nhà. Xem chi tiết ngay!1. Thời gian khuyến mãi: 12/07 đến 30/09/20232. Nội dung chương trìnhTrong thời gian khuyến mãi, khách hàng khi mua sản phẩm Máy lọc nước và thiết bị Gia dụng thương hiệu Mutosi (không bao gồm linh kiện) tại Điện máy XANH sẽ được tham gia chương trình Quay số trúng thưởng để có cơ hội trúng giải cực hấp dẫn, cụ thểCơ cấu giải thưởng


Nội dung giải thưởng


Số lượng




Giải Đặc biệt


Điện thoại iPhone Pro 14 128GB


3




Giải Nhất


Đồng hồ Samsung Galaxy Watch 4


6




Giải Nhì


Ấm siêu tốc Mutosi MK-18B


250




Giải Kết nối


Thẻ nạp điện thoại 20.000đ Mobifone, Viettel, Vinaphone, Vietnamobile, Reddi


20.000++","Mua Mutosi - Sống khỏe chuẩn Nhật, trúng iPhone chất!"
https://www.dienmayxanh.com/khuyen-mai,"Chào mừng thương hiệu Havit mở bán Tai nghe tại Điện máy XANH, mang đến cho bạn cơ hội sở hữu chiếc tai nghe không dây với mức giá phải chăng, nhưng vẫn đáp ứng tốt về mặt trải nghiệm âm thanh, thiết kế trẻ trung năng động cùng ưu đãi hấp dẫn. Khám phá ngay!1. Thời gian khuyến mãi: Đến 31/07/20232. Nội dung chương trìnhƯu đãi mở bán sản phẩm mới đến từ thương hiệu Havit, Điện máy XANH giảm sốc khi đặt mua Tai nghe Bluetooth True Wireless HAVIT TW967 với giá chỉ 320.000đ.Giá niêm yết: 450.000đ.","Chào mừng gia nhập - Tai nghe Havit ngập tràn deal ngon, giá chỉ 320K tại Điện máy XANH"
https://www.dienmayxanh.com/khuyen-mai,"Chương trình ""Vòng quay may mắn"" dành riêng cho khách hàng mua Máy tính bảng tại Điện máy XANH và Thế Giới Di Động. Tham gia ngay để có cơ hội trúng mã giảm thêm đến 300K cực hấp dẫn. Giá RẺ Quá, nay lại rẻ hơn với ưu đãi độc quyền. Tìm hiểu chi tiết ngay!1. Thời gian diễn ra: Từ 13/07 - 31/07/20232. Nội dung chương trìnhTrong thời diễn ra, khi mua Máy tính bảng (theo danh sách áp dụng) tại Điện máy XANH và Thế Giới Di Động, khách hàng sẽ được tham gia vòng quay may mắn để nhận được mã giảm thêm từ 50.000đ - 300.000đ.- Áp dụng giảm giá trực tiếp vào đơn hàng.",Vòng quay may mắn - Nhận mã giảm thêm đến 300K khi mua Máy tính bảng
https://www.dienmayxanh.com/khuyen-mai,"Mùa tựu trường sắp đến, nhanh tay sắm ngay Laptop tại Điện máy XANH và Thế Giới Di Động, hiện đang có chương trình ưu đãi hấp dẫn dành riêng cho Học sinh, Sinh viên và Giảng viên sẽ được giảm thêm đến 900.000đ. Rinh ngay laptop xịn với giá rẻ quá. Mua ngay!1. Thời gian khuyến mãi: Từ ngày 15/06 - 31/10/20232. Đối tượng áp dụng- Dành cho Khách hàng đang là Học sinh - sinh viên (Mẫu giáo, Tiểu học, Trung học, Đại Học...), Giáo viên - giảng viên các cấp- Áp dụng Sản phẩm Laptop trạng thái mới.","Sắm Laptop giảm thêm đến 900K dành riêng cho Học sinh, Sinh viên, Thầy Cô năm 2023"
https://www.dienmayxanh.com/khuyen-mai,"Samsung Care+ là dịch vụ bảo hành mở rộng dành riêng cho chủ sở hữu điện thoại thông minh, máy tính bảng và đồng hồ thông minh Samsung Galaxy. Người dùng được tận hưởng đặc quyền bảo vệ lên đến 2 lần giá bán lẻ thiết bị, hỗ trợ sửa chữa phần cứng, thay pin, hư hỏng màn hình và bảo hành khác lên đến 2 năm.Dịch vụ bảo hành Samsung Care+ giảm 30% khi mua kèm Điện thoại, Tablet và SmartWatch Samsung1. Thời gian khuyến mãi: Từ 01/07 đến 31/07/20232. Nội dung chương trìnhTrong thời gian diễn ra, khi mua Điện thoại, Tablet và Galaxy Watch khách hàng sẽ được tặng suất mua gói dịch vụ bảo hành Samsung Care+ với ưu đãi giảm 30%, cụ thể:","Dịch vụ bảo hành Samsung Care+ giảm 30% khi mua kèm Điện thoại, Tablet và SmartWatch Samsung"
https://www.dienmayxanh.com/khuyen-mai,"Lần đầu tiên mở bán tại Điện máy XANH, 700 suất khuyến mãi cực kì hấp dẫn dành cho khách hàng đặt mua Máy lọc nước RO 10 lõi của Hoà Phát “VERY NGON"" nhưng có Giá rẻ quá “VERY GOOD”, chỉ từ 5.490.000 + Trả góp 0%. Nhanh tay đặt mua ngay kẻo lỡ!1. Thời gian khuyến mãi: 14/07 - 23/07/20232. Nội dung chương trìnhTrong thời gian diễn ra, Điện máy XANH mở bán 700 suất đặt mua Máy lọc nước Hoà Phát có giá rẻ quá, cụ thể:Tên sản phẩm


Giá niêm yết


% khuyến mãi


Giá ưu đãi


Số suất




Máy lọc nước RO nóng lạnh tủ đứng Hòa Phát HWBS2B 1021 10 lõi (Imei)


11.510.000đ


43%


6.490.000đ


100




Máy lọc nước RO tủ đứng Hòa Phát HWS1B 1022 10 lõi (Imei)


6.950.000đ


48%


3.590.000đ


Đã hết suất




Máy lọc nước RO nóng lạnh tủ đứng Hòa Phát HWBS3A 1021 10 lõi (Imei)


10.670.000đ


48%


5.490.000đ


400",700 suất mua Máy lọc nước RO 10 lõi Hoà Phát giá chỉ từ 5.590.000đ + Trả góp 0%
https://www.dienmayxanh.com/khuyen-mai,"Tin khuyến mãi cực sốc!!! Nếu bạn đang có ý định mua Tablet thì không thể bỏ lỡ chương trình khuyến mãi: Sắm máy tính bảng - Ngàn ưu đãi vàng tại Điện máy XANH và Thế Giới Di Động. Đặc biệt còn có cơ hội trúng suất mua cực sốc chỉ với 19K, 199K và 1.9 triệu. Số lượng có hạn. Tham gia ngay!1. Thời gian khuyến mãi: 18/07 - 31/07/20232. Nội dung chương trình- Trong thời gian diễn ra, khi mua Tablet tại Điện máy XANH và Thế Giới Di Động bạn sẽ nhận được ưu đãi cực sốc:+ Máy tính bảng giảm khủng đến 40%",Đỉnh Giải Trí - Trúng Suất Mua Tablet chỉ với 19K. Tin được không?
https://www.dienmayxanh.com/khuyen-mai,"Do nhu cầu người dùng không ngừng phát triển, nên thị trường Laptop cũng ngày càng phân hoá để phù hợp với từng nhóm khách hàng riêng biệt. Cùng Điện máy XANH tìm hiểu các bước để chọn ra chiếc laptop phù hợp với bạn nhất theo 4 nhóm nhóm nhu cầu cụ thể dưới đây nhé!1. Chọn laptop phù hợp với nhu cầu Học tập - Văn phòngTham khảo Laptop phù hợp với nhu cầu Học tập - Văn Phòng đang kinh doanh tại Điện máy XANH:Trả góp 0%
             
        
    
    
Giá Rẻ Quá        
            Acer TravelMate B3 TMB311 31 C2HB N4020 (NX.VNFSV.006)
        
                
                    5.990.000₫
                    
                        9.990.000₫
                            -40%
                    

                


            
                Quà 650.000₫
            
    

                
                    
    
        
                Trả góp 0%
             
                
        
    
    
Giá Rẻ Quá        
            itel ABLE 1S N4020 (71006300027)
        
                
                    5.490.000₫
                    
                        8.990.000₫
                            -38%
                    

                


            
                Quà 650.000₫
            
    

                
                    
    
        
                Trả góp 0%
             
                
        
    
    
HSSV Giảm 500k        
            Lenovo Yoga Slim 7 Pro 14IHU5 i5 11300H (82NH00AMVN)
        
                
                    18.890.000₫
                    
                        26.990.000₫
                            -30%
                    

                


            
                Quà 650.000₫
            
    

                
                    
    
        
                Trả góp 0%
             
                
        
    
    
HSSV Giảm 300k        
            Acer Aspire 3 A315 59 314F i3 1215U (NX.K6TSV.002)
        
                
                    9.490.000₫
                    
                        13.490.000₫
                            -29%
                    

                


            
                Quà 650.000₫
            
    

                
                    
    
        
                Trả góp 0%
             
                
        
    
    
HSSV Giảm 300k        
            Acer Aspire 3 A315 58 358E i3 1115G4 (NX.ADDSV.00F)
        
                
                    10.290.000₫
                    
                        13.990.000₫
                            -26%
                    

                


            
                Quà 650.000₫
            
    

                
                    
    
        
                Trả góp 0%
             
                
        
    
    
HSSV Giảm 700k        
            Asus Vivobook 15 X1502ZA i7 1260P (EJ582W)
        
                
                    17.990.000₫
                    
                        23.990.000₫
                            -25%
                    

                


            
                Quà 650.000₫
            
    

                
                    
    
        
                Trả góp 0%
             
                
        
    
    
HSSV Giảm 500k        
            Asus Vivobook Pro 15 OLED K6502Z i5 12450H (MA025W)
        
                
                    22.990.000₫
                    
                        30.990.000₫
                            -25%
                    

                


            
                Quà 650.000₫
            
    

                
                    
    
        
                Trả góp 0%
             
                
        
    
    
HSSV Giảm 500k        
            Asus ExpertBook B5402CB i5 1240P (KI0353W)
        
                
                    19.990.000₫
                    
                        26.990.000₫
                            -25%
                    

                


            
                Quà 650.000₫
            
    

                
                    
    
        
             
                
        
    
    
Laptop Giáo Dục        
            Masstel E116 N4020
        
                
                    2.990.000₫
                    
                        3.990.000₫
                            -25%
                    

                


            
                Quà 650.000₫
            
    

                
                    
    
        
                Trả góp 0%
             
                
        
    
    
HSSV Giảm 300k        
            HP 240 G8 i3 1115G4 (6L1A1PA)
        
                
                    9.790.000₫
                    
                        12.990.000₫
                            -24%
                    

                


    

                
                    
    
        
                Trả góp 0%
             
                
        
    
    
HSSV Giảm 500k        
            Acer Swift 3 SF314 511 55QE i5 1135G7 (NX.ABNSV.003)
        
                
                    17.690.000₫
                    
                        22.990.000₫
                            -23%
                    

                


            
                Quà 650.000₫
            
    

                
                    
    
        
                Trả góp 0%
             
                
        
    
    
HSSV Giảm 300k        
            Acer Aspire 3 A315 58 382Z i3 1115G4 (NX.ADDSV.00K)
        
                
                    9.990.000₫
                    
                        12.990.000₫
                            -23%
                    

                


            
                Quà 650.000₫
            
    

                
                    
    
        
                Trả góp 0%
             
                
        
    
    
HSSV Giảm 300k        
            HP 15s fq2716TU i3 1115G4 (7C0X3PA)
        
                
                    10.490.000₫
                    
                        13.690.000₫
                            -23%
                    

                


    

                
                    
    
        
                Trả góp 0%
             
                
        
    
    
HSSV Giảm 300k        
            Acer Aspire 3 A315 59 38PG i3 1215U (NX.K6TSV.00A)
        
                
                    10.690.000₫
                    
                        13.990.000₫
                            -23%
                    

                


            
                Quà 650.000₫
            
    

                
                    
    
        
                Trả góp 0%
             
                
        
    
    
HSSV Giảm 500k        
            Asus Zenbook 14 OLED UX3402ZA i5 1240P (KM220W)
        
                
                    20.990.000₫
                    
                        26.990.000₫
                            -22%
                    

                


            
                Quà 650.000₫
            
    

                
                    
    
        
                Trả góp 0%
             
                
        
    
    
HSSV Giảm 500k        
            Acer Swift 3 SF314 512 56QN i5 1240P (NX.K0FSV.002)
        
                
                    18.490.000₫
                    
                        23.990.000₫
                            -22%
                    

                


            
                Quà 650.000₫
            
    

                ‹›
        Xem thêm sản phẩm Laptop2. Chọn laptop phù hợp với nhu cầu Đồ hoạ - Kỹ thuật",Chọn Laptop hợp với bạn - Đổi điểm thi giảm đến 3 triệu cho Tân sinh viên hoặc giảm đến 900k cho Học sinh - Sinh viên - Giáo viên
https://texaschickenvn.com/vn/uu-dai,"STAR BOX COMBOS - VỊ NGON HẾT Ý, MĂM NGAY CHỜ CHI!

Star Box Combos dành cho ""tín đồ gà rán"" thỏa sức măm măm với giá chỉ từ 99K. Set lịch đến ngay Texas Chicken gần nhất thưởng thức ngay và luôn nào TEXFAN ơi!!

Star Box Combo A – Giá chỉ 99K

01 miếng gà có xương (cay/không cay)

01 bánh cuộn sốt chua ngọt

01 khoai tây nghiền tiêu chuẩn

01 nước ngọt

 

Star Box Combo B – Giá chỉ 99K

01 miếng gà có xương (cay/không cay)

01 burger tôm

01 khoai tây nghiền tiêu chuẩn

01 nước ngọt

 

Star Box Combo C – Giá chỉ 119K

01 miếng gà có xương (cay/không cay)

01 bánh cuộn Mexicana

01 khoai tây nghiền tiêu chuẩn

01 nước ngọt

 

Star Box Combo D – Giá chỉ 119K

01 miếng gà có xương (cay/không cay)

01 burger Mexicana

01 khoai tây nghiền tiêu chuẩn

01 nước ngọt


Star Box Combos

Chương trình ưu đãi áp dụng từ nay đến hết ngày 30/11/2022 (áp dụng tất cả các ngày trong tuần) tại các nhà hàng Texas Chicken đang hoạt động trên toàn quốc. Áp dụng dùng tại chỗ, mua mang đi và giao hàng tận nơi trên các ứng dụng ShopeeFood/ Grabfood/ Baemin/ Gojek.",STAR BOX COMBO
https://texaschickenvn.com/vn/uu-dai,"TEXFAN ui, chọn ngay Crunchy Combo để săn vé quẩy bung nóc tại đại nhạc hội Crunchy Night nào!!!

CRUNCHY COMBO gồm 10 món ngon với giá chỉ 199K

-02 Miếng gà có xương (vị cay/không cay)

-01 Bánh cuộn Zesty Crunch

-01 Burger Zesty Crunch

-02 Bánh quy bơ mật ong

-01 Khoai tây nghiền cỡ tiêu chuẩn

-01 Khoai tây chiên cỡ tiêu chuẩn

-02 Nước ngọt Coca Cola refill thỏa thích

Crunchy Combo 199K

Cách thức đổi vé :

Mua 01 Crunchy Combo bạn sẽ nhận được 01 thẻ tích lũy.

-Tích lũy đủ 2 thẻ nhận ngay 01 vé hạng GA

-Tích lũy đủ 4 thẻ nhận luôn 01 vé hạng VIP

Crunchy Combo sẽ bán từ nay đến hết ngày 30/11/2022. Chương trình bán Combo chỉ áp dụng dùng tại chỗ, mua mang đi và không áp dụng trên ứng dụng giao hàng tận nơi.

-Thời gian đổi vé từ 01/11/2022 đến hết ngày 30/11/2022 tại toàn bộ hệ thống nhà hàng Texas Chicken khu vực Tp.HCM.

Đến nhà hàng Texas Chicken gần nhất tại Tp.HCM để măm ngay Crunchy Combo và săn vé cho đại nhạc hội Crunchy Night ngay bây giờ bạn nhé!!!",CRUNCHY COMBO - MĂM TRỌN VỊ VUI TRỌN VẸN
https://texaschickenvn.com/vn/uu-dai,"ĂN CHO ĐÃ THÈM CÙNG COMBO BUNG XÕA

Lấp đầy ""chiếc bụng đói"" cùng hội bạn với Combo Bung Xõa ngập gà giòn &amp; nhiều món ngon hấp dẫn khác, giá chỉ 299K. Texas Chicken còn tặng 01 vé xem phim CGV ""siêu xịn xò"" khi TEXFAN mua 01 Combo Bung Xõa

COMBO BUNG XÕA - Giá chỉ 299k

- 05 miếng gà có xương (vị cay/không cay)

- 01 burger Tôm

- 01 khoai tây chiên vừa

- 01 bắp cải trộn vừa

- 03 nước ngọt Coca Cola refill thỏa thích


Combo Bung Xõa

Ưu đãi từ 03/10/2022 đến 31/10/2022 hoặc đến khi hết số lượng vé xem phim (tùy điều kiện nào đến trước). Chương trình chỉ áp dụng ăn tại chỗ, mua mang đi tại hệ thống Texas Chicken toàn quốc và không áp dụng trên ứng dụng giao hàng tận nơi.",ĂN CHO ĐÃ THÈM CÙNG COMBO BUNG XÕA
https://texaschickenvn.com/vn/uu-dai,"Combo Giòn Tan 5 Miếng chỉ 99K

Măm thả ga chỉ với 99K, TEXFAN sẽ được thưởng thức trọn vẹn vị gà giòn tan, ngon ngất ngây của Texas Chicken lại còn được tiết kiệm đến 39k. Một chiếc ưu đãi thật đi vào lòng người đúng không?

SET GÀ GIÒN TAN 5 MIẾNG, chỉ 99K

2 miếng gà giòn có xương (lựa chọn vị cay/không cay)

2 miếng khuỷu cánh gà vị cay

1 miếng gà giòn không xương (lựa chọn vị cay/không cay)

Gion Tan 5 Mieng

Chương trình ưu đãi kéo dài nay đến hết ngày 31/12/2022 (áp dụng tất cả ngày trong tuần) tại các nhà hàng Texas Chicken đang hoạt động trên toàn quốc. Áp dụng dùng tại chỗ, mua mang đi và trên các ứng dụng giao hàng ShopeeFood/GrabFood/Baemin/Gojek/beFood.",GIÒN TAN 5 MIẾNG
https://texaschickenvn.com/vn/uu-dai,"Từ ngày 19/12/2022 với mỗi Combo Rôm Rả mua kèm 1 bánh cuộn Mexicana bạn sẽ được NHẬN LIỀN 1 VÉ XEM PHIM 2D CGV

CHỌN RÔM RẢ TRÒN VỊ NGON - với đủ các món ưu tú của Texas Chicken: gà giòn tươi 100%, burger tôm thơm ngon, thức ăn kèm đa dạng thêm bánh cuộn độc quyền triển liền thôi, chần chờ gì nữa đúng hông TEXFAN ơi!

COMBO RÔM RẢ 199K (giá gốc 263K)

- 3 Miếng gà có xương (lựa chọn vị cay/ không cay)

- 1 Burger tôm (lựa chọn vị cay/không cay)

- 2 Thức ăn kèm tiêu chuẩn (lựa chọn khoai tây chiên/khoai tây nghiền/bắp cải trộn)

- 1 Bánh quy bơ mật ong

- 2 Nước ngọt

Combo Rôm Rả

Chương trình bắt đầu từ ngày 19/12/2022 đến khi hết vé (Áp dụng dùng tại chỗ và mua mang về, không áp dụng qua các ứng dụng giao hàng)

Số lượng vé có hạn

Phạm vi áp dụng: Texas Chicken toàn quốc (ngoại trừ Texas Chicken Võ Thị Sáu - Tp. Biên Hòa)",COMBO RÔM RẢ
https://texaschickenvn.com/vn/uu-dai,"Xuân xuân ơi xuân đã về. Vui Tết Quý Mão, đón lộc đầu xuân.

Khoảnh khắc bạn cùng gia đình &amp; người thân chill tiệc gà Texas Chicken, cùng chia sẻ những câu chuyện vui đầu năm thật tuyệt vời phải không nào TEXFAN?

Thưởng thức ngay SET TẾT TÀI LỘC - 9 miếng gà giòn tan, giá chỉ 179k, tiết kiệm liền tay 58k

Set Tết Tài Lộc - 179k (giá gốc 237k)

- 3 Miếng gà giòn có xương (lựa chọn vị cay/ không cay)

- 3 Miếng gà giòn không xương ( lựa chọn vị cay/ không cay)

- 3 Khuỷu cánh gà cay

Set Tết Tài Lộc - 179K

Chương trình áp dụng từ 01/01/2023 đến hết ngày 05/02/2023 (áp dụng tất cả các ngày trong tuần) tại các nhà hàng Texas Chicken đang hoạt động trên toàn quốc.

Áp dụng dùng tại chỗ, mua mang đi và trên các ứng dụng giao hàng ShopeeFood/GrabFood/Baemin/Gojek/beFood.",SET TẾT TÀI LỘC
https://texaschickenvn.com/vn/uu-dai,"Summer Combo với ngập gà giòn tươi ngon kèm giá ""siêu iu"", chỉ 169k tiết kiệm đến 66k, hết nước chấm luôn phải không nào TEXFAN?

- 4 miếng gà giòn có xương (lựa chọn cay hoặc không cay)

- 1 bắp cải trộn cỡ vừa

- 2 ly nước ngọt Coca Cola tha hồ refill thoải mái

Summer Combo 169K

Ngoài phục vụ ăn uống tại chỗ và mua mang về, các fans có thể order Summer Combo trên các ứng dụng ShopeeFood/GrabFood/Baemin/Gojek/beFood để được giao hàng tận nơi nhé.

Chương trình ưu đãi áp dụng từ 09/05 đến hết ngày 31/07/2022 tại hệ thống Texas Chicken toàn quốc.",HÈ VUI RỘN RÃNG - DEAL XỊN XỐN XANG
https://texaschickenvn.com/vn/uu-dai,"Combo dành cho 2 người hội tụ đầy ắp món ngon đỉnh kout nóng hổi vừa thổi vừa măm, nước ngọt refill thoải mái lại được tiết kiệm liền tay 64k

Happy Combo 199k

- 3 Miếng gà có xương (cay/ không cay)

- 1 Burger tôm

- 1 Món ăn kèm cỡ vừa tự chọn (khoai tây chiên cỡ vừa/ khoai tây nghiền cỡ vừa/ bắp cải trộn cỡ vừa)

- 2 Bánh quy bơ mật ong

- 2 Nước ngọt

Happy Combo

Chương trình ưu đãi kéo dài từ nay đến hết ngày 31/03/2022.(áp dụng tất cả các ngày trong tuần) tại các nhà hàng Texas Chicken đang hoạt động trên toàn quốc. Áp dụng dùng tại chỗ, mua mang đi và giao hàng tận nơi trên các ứng dụng ShopeeFood/ Grabfood/ Baemin/ Gojek.","HAPPY COMBO - MĂM CÓ ĐÔI, VUI VÔ ĐỐI"
https://texaschickenvn.com/vn/uu-dai,"Set kèo cùng ""hội cạ cứng"" đến ngay nhà hàng Texas Chicken gần nhất thưởng thức Summer Combo cực HOT nào các fans gà giòn uiiiiiii

Summer Combo với ngập gà giòn tươi ngon kèm giá ""siêu iu"", chỉ 169k tiết kiệm đến 66k, hết nước chấm luôn phải không nào?

- 4 miếng gà giòn có xương (lựa chọn cay hoặc không cay)

- 1 bắp cải trộn cỡ vừa

- 2 ly nước ngọt Coca Cola tha hồ refill thoải mái

Combo Trio Deals 99K

Ngoài phục vụ ăn uống tại chỗ và mua mang về, các fans có thể order Summer Combo trên các ứng dụng ShopeeFood/GrabFood/Baemin/Gojek/beFood để được giao hàng tận nơi nhé.

Chương trình ưu đãi áp dụng từ 09/05 đến hết ngày 31/07/2022 tại hệ thống Texas Chicken toàn quốc.","BỘ BA ĐỦ ĐẦY, TRỌN VỊ NGẤT NGÂY - 99K"
https://www.ministop.vn/campaign,"MÌ Ý GÀ CAJUN SỐT KEM
			28-02-2023
			
			MÌ Ý GÀ CAJUN SỐT KEM 

Các tín đồ ẩm thực có biết “CAJUN” nghĩa là gì chưa nè???
Đó chính là hỗn hợp gia vị có sự “giao thoa” độc đáo, tinh tế từ rất nhiều nguyên liệu, gia vị khác nhau. Các nguyên liệu này được xay nhuyễn để tạo nên hỗn hợp Cajun “tuy lạ mà quen, tuy quen mà lạ”.  

Nếu bạn chưa từng được nghe qua thuật ngữ Cajun là gì hay chưa từng được nếm thử hương vị đặc trưng này thì ghé ngay MINISTOP ăn thử món Mì Ý Gà Cajun liền nha.

Mì Ý với sợi mì vàng óng dai mềm thấm đều sốt kem béo ngậy phủ bên trên là gà nướng ướp sốt cajun cùng đầy đủ màu sắc từ ớt chuông và đậu hà lan vô cùng bắt mắt.

Giá: 36.000đ
------------------------
Để mua sắm tại MINISTOP, Quý khách có thể lựa chọn các phương thức mua hàng phù hợp:
Danh sách cửa hàng MINISTOP: http://ministop.vn/ms
Mua online Grabmart: https://grb.to/MINISTOP
Mua online ShopeeFood: https://shopeefood.vn/thuong-hieu/ministop-hcm
Mua online Baemin: https://baemin.onelink.me/jjXg/ministop
#ministop #ministopvietnam.
			• Thời gian: 20-12-2022 đến 31-12-2022
			
				
					
				
				Về trang trước",MÌ Ý GÀ CAJUN SỐT KEM
https://www.ministop.vn/campaign,"XÚC XÍCH PHÔ MAI TƯƠI PREMIUM
			22-09-2022
			
			CHÓP CHÉP MIỆNG KHÔNG NGỪNG CÙNG XÚC XÍCH PHÔ MAI TƯƠI PREMIUM.

Xế chiều là những chiếc bụng đói lên ngôi ngăn cản bạn làm việc, kiểu như thèm ăn một món gì đó lấp đầy khoảng trống trước khi đến giờ cơm tối ấy. 

Để có những phương án lựa chọn nhanh và an toàn nhất, MINISTOP gợi ý đến bạn món ăn vặt bao dính, ăn không ngừng luôn, đó chính là XÚC XÍCH PHÔ MAI TƯƠI PREMIUM.

Miếng xúc xích thì to oạch bên trong toàn là phô mai béo ngậy, ăn vào là mê mệt luôn đó.

Ghé ngay MINISTOP thưởng thức món quà vặt cực cuốn này nha.

Giá: 28.000đ
------------------------
Để mua sắm tại MINISTOP, Quý khách có thể lựa chọn các phương thức mua hàng phù hợp:
Danh sách cửa hàng MINISTOP: http://ministop.vn/ms
Mua online Grabmart: https://grb.to/MINISTOP
Mua online ShopeeFood: https://shopeefood.vn/thuong-hieu/ministop-hcm
Mua online Baemin: https://baemin.onelink.me/jjXg/ministop
#ministop #ministopvietnam.
			• Thời gian: 21-09-2022 đến 28-09-2022
			
				
					
				
				Về trang trước",XÚC XÍCH PHÔ MAI TƯƠI PREMIUM
https://www.ministop.vn/campaign,"MÌ GÀ PHÔ MAI CAY &amp; TRỨNG
			28-02-2023
			
			MÌ GÀ PHÔ MAI CAY &amp; TRỨNG -  MÓN NGON KHÔNG THỂ CHỐI TỪ

Là ""tín đồ"" mì cay thì không thể bỏ qua MÌ GÀ PHÔ MAI CAY &amp; TRỨNG tại MINISTOP đó nha.

Vị cay cực đã với nước sốt mì khô cùng vị gà cay đậm đà, hấp dẫn thấm đều trong từng sợi mì dai vàng thơm ngon cùng hương phô mai thơm lừng quyến rũ kích thích khứu giác lẫn vị giác.

Đến ngay MINISTOP ăn thật đã nha bạn ơi!

Giá: 36.000đ
------------------------
Để mua sắm tại MINISTOP, Quý khách có thể lựa chọn các phương thức mua hàng phù hợp:
Danh sách cửa hàng MINISTOP: http://ministop.vn/ms
Mua online Grabmart: https://grb.to/MINISTOP
Mua online ShopeeFood: https://shopeefood.vn/thuong-hieu/ministop-hcm
Mua online Baemin: https://baemin.onelink.me/jjXg/ministop
#ministop #ministopvietnam.
			• Thời gian: 27-07-2022 đến 03-08-2022
			
				
					
				
				Về trang trước",MÌ GÀ PHÔ MAI CAY &amp; TRỨNG
https://www.ministop.vn/campaign,"TRÀ ỔI
			28-02-2023
			
			Mỗi lần thấy đuối quá đi.
Cầm ly TRÀ ỔI nhâm nhi đỡ liền.

Bạn có biết, mỗi khi mệt mỏi hay tâm trạng lên xuống bấp bênh, thì TRÀ ỔI MINISTOP là phương thuốc tăng lực, làm tỉnh táo tinh thần, xua tan mệt mỏi và cân bằng trạng thái liền đó. Ghê chưa ghê chưa!!!

Một ly trà ổi hồng ngon lành, thoang thoảng mùi thơm của trà và ổi, hương vị chua ngọt đặc trưng, mát rượi, uống tới đâu thì sảng khoái tới đấy.

Cùng MINISTOP “lên dây cót cho tâm trạng” ngay hôm nay để ngày hè nắng nóng chả còn là nỗi lo của ai hen!

Giá: 19.000đ
------------------------
Để mua sắm tại MINISTOP, Quý khách có thể lựa chọn các phương thức mua hàng phù hợp:
Danh sách cửa hàng MINISTOP: http://ministop.vn/ms
Mua online Grabmart: https://grb.to/MINISTOP
Mua online ShopeeFood: https://shopeefood.vn/thuong-hieu/ministop-hcm
Mua online Baemin: https://baemin.onelink.me/jjXg/ministop
#ministop #ministopvietnam.
			• Thời gian: 25-08-2022 đến 30-09-2022
			
				
					
				
				Về trang trước",TRÀ ỔI
https://www.ministop.vn/campaign,"HỒNG TRÀ SỮA NƯỚNG
			28-02-2023
			
			HỒNG TRÀ SỮA NƯỚNG – VƯƠNG VẤN NGỌT NGÀO.

Ngọt ngào hơn tình đầu, “mlem” hơn tình cũ.
Không biết bạn đã thử, HỒNG TRÀ SỮA NƯỚNG chưa?

MINISTOP vừa kết nạp thêm một “em” trà sữa siêu “mlem” hứa hẹn sẽ là sản phẩm “hot hit” sắp tới tại MINISTOP đó.

Trà được nướng với kỹ thuật “bí truyền”, giúp lá trà bật dậy mùi vị tạo nên mùi hương rất đặc trưng. Điều này còn đảm bảo vị trà đậm nhưng không quá chát,  vị trà kết hợp với độ béo ngậy của đường nướng giúp mang đến hương vị Hồng trà sữa xuất sắc.

Mời bạn thử liền món trà sữa gây nghiện này nhé.

Giá: 19.000đ

------------------------
Để mua sắm tại MINISTOP, Quý khách có thể lựa chọn các phương thức mua hàng phù hợp:
Danh sách cửa hàng MINISTOP: http://ministop.vn/ms
Mua online Grabmart: https://grb.to/MINISTOP
Mua online ShopeeFood: https://shopeefood.vn/thuong-hieu/ministop-hcm
Mua online Baemin: https://baemin.onelink.me/jjXg/ministop
#ministop #ministopvietnam.
			• Thời gian: 22-06-2022 đến 31-07-2022
			
				
					
				
				Về trang trước",HỒNG TRÀ SỮA NƯỚNG
https://www.ministop.vn/campaign,"SANDWICH THỊT HEO NƯỚNG CAY.
			28-02-2023
			
			BỮA SÁNG ĐỦ CHẤT VỚI SANDWICH THỊT HEO NƯỚNG CAY.

Nếu bạn muốn “đổi gió” cho bữa sáng mà chưa nghĩ ra món nào phù hợp thì ghé ngay MINISTOP để thưởng thức món SANDWICH THỊT HEO NƯỚNG CAY đầy đủ chất dinh dưỡng, ngon cực đỉnh luôn nha.

Miếng bánh mì tươi mềm thơm kẹp chặt lấy thịt nướng đậm đà cay xé, kết hợp chất xơ từ xà lách tươi giòn sẽ là lựa chọn tuyệt vời cho bữa sáng tiện lợi.

Ghé ngay MINISTOP nạp đủ năng lượng cần thiết cho ngày dài năng động nhé.

Giá: 29.000đ
------------------------
Để mua sắm tại MINISTOP, Quý khách có thể lựa chọn các phương thức mua hàng phù hợp:
Danh sách cửa hàng MINISTOP: http://ministop.vn/ms
Mua online Grabmart: https://grb.to/MINISTOP
Mua online ShopeeFood: https://shopeefood.vn/thuong-hieu/ministop-hcm
Mua online Baemin: https://baemin.onelink.me/jjXg/ministop
#ministop #ministopvietnam.
			• Thời gian: 20-07-2022 đến 31-07-2022
			
				
					
				
				Về trang trước",SANDWICH THỊT HEO NƯỚNG CAY.
https://www.ministop.vn/campaign,"CÀ PHÊ SỮA TƯƠI – THÊM LỰA CHỌN, TỈNH TÁO CẢ NGÀY!!!
			31-05-2023
			
			Một ly cà phê sữa tươi vào buổi sáng sẽ giúp tinh thần bạn thoải mái, tỉnh táo để bắt đầu một ngày làm việc hiệu quả đấy.
Cắm vòi vào sâu tận đáy cốc, rít một hơi nhẹ, hương vị tươi béo của sữa hòa quyện với vị đắng đặc trưng của cafe, không quá ngọt cũng không quá đắng. Hương vị phù hợp để đánh thức một ngày mới tràn đầy năng lượng..
			• Thời gian: 08-02-2022 đến 31-03-2022
			
				
					
				
				Về trang trước","CÀ PHÊ SỮA TƯƠI – THÊM LỰA CHỌN, TỈNH TÁO CẢ NGÀY!!!"
https://www.ministop.vn/campaign,"MINISTOP trên GRABMART - THỎA SỨC MUA SẮM 24/7 TẠI NHÀ
			24-08-2022
			
			Từ nay, bạn có thể ngồi ở nhà vi vu mua sắm sản phẩm của MINISTOP vì đã có Grab giao tận nơi. Truy cập ứng dụng Grab, vào mục ""Mart"" gõ tìm kiếm MINISTOP hoặc click vào đường link sau: https://grab.onelink.me/2695613898/GMxMinistop.
			• Thời gian: 04-06-2021 đến 31-12-2021
			
				
					
				
				Về trang trước",MINISTOP trên GRABMART - THỎA SỨC MUA SẮM 24/7 TẠI NHÀ
https://www.ministop.vn/campaign,"MÓN MỚI CÓ DEAL GIẢM -2,000đ
			19-07-2023
			
			TEAM NGHIỆN CÀ PHÊ SẼ THÍCH!

Nhân kem đầy ú ụ, bánh bông lan mềm mịn siêu thơm hương cà phê, ăn một miếng là say đắm, hai miếng là đắm say, ba miếng là ngất ngây, bốn miếng là hết bánh, ra MINISTOP mua thêm 1 cái nữa ăn tiếp đó..
			• Thời gian: 19-07-2023 đến 25-07-2023
			
				
					
				
				Về trang trước","MÓN MỚI CÓ DEAL GIẢM -2,000đ"
https://www.ministop.vn/campaign,"MINISTOP ĐÃ CÓ MẶT TRÊN BAEMIN
			18-11-2021
			
			Giao hàng siêu tốc cùng ưu đãi khủng mỗi ngày, order ngay MINISTOP trên Beamin để thưởng thức món ngon ở nơi mình thích^^.
Gõ tìm kiếm MINISTOP trên ứng dụng Beamin hoặc click nhẹ vào link https://baemin.onelink.me/jjXg/ministop để mua sắm những sản phẩm của MINISTOP bạn nhé..
			• Thời gian: 24-11-2020 đến 30-04-2021
			
				
					
				
				Về trang trước",MINISTOP ĐÃ CÓ MẶT TRÊN BAEMIN
https://www.ministop.vn/campaign,"CUỐI THÁNG UỐNG GÌ NGON MÀ VẪN TIẾT KIỆM???
			19-07-2023
			
			Uống trà tắc, đá me, tắc xí muội nèeeee

Cuối tháng cứ ăn uống xả láng vì đã có MINISTOP khao fan bằng những ưu đãi siêu xịn rồi - giảm ngay 2,000 khi mua bất kỳ trong 3 ly trên nhen, cứ mua là giảm!!.
			• Thời gian: 19-07-2023 đến 25-07-2023
			
				
					
				
				Về trang trước",CUỐI THÁNG UỐNG GÌ NGON MÀ VẪN TIẾT KIỆM???
https://www.ministop.vn/campaign,"“CHÚT YÊN TỪ THIÊN NHIÊN” LAVIE NAY ĐÃ CÓ MẶT CÙNG SUSHI MINISTOP
			19-07-2023
			
			Ăn ngon và có quà, ngại gì không chớp deal này đúng không cả nhà iu.

Khi mua 01 sushi bất kỳ trong hình, cả nhà sẽ nhận free thêm 01 chai Lavie 500ml nhen, bật mí trong đó có 1 loại sushi mới toanh luôn! Đố fan đó là item nào????.
			• Thời gian: 19-07-2023 đến 25-07-2023
			
				
					
				
				Về trang trước",“CHÚT YÊN TỪ THIÊN NHIÊN” LAVIE NAY ĐÃ CÓ MẶT CÙNG SUSHI MINISTOP
https://www.ministop.vn/campaign,"GIẢM NGAY -3,000đ KHI MUA COMBO 2 XIÊN BÒ LÁ LỐT NÈ
			19-07-2023
			
			Thuộc top những món bán chạy của MINISTOP, nay Bò Lá Lốt hot lại càng thêm hot khi giảm liền -3,000đ khi mua combo 02 xiên đó..
			• Thời gian: 19-07-2023 đến 25-07-2023
			
				
					
				
				Về trang trước","GIẢM NGAY -3,000đ KHI MUA COMBO 2 XIÊN BÒ LÁ LỐT NÈ"
https://www.ministop.vn/campaign,"BÁNH BAO HOÀNG KIM
			11-01-2023
			
			“TAN CHẢY” VỚI BÁNH BAO HOÀNG KIM

Bánh bao Hoàng Kim với lớp vỏ bánh mềm, xốp, hòa quyện cùng nhân trứng muối tan chảy, sẵn sàng gây nghiện cho bất cứ ai nếm thử lần đầu tiên. 

Ghé ngay MINISTOP bổ sung dinh dưỡng với chiếc bánh bao “nhỏ mà có võ” này nhé, đảm bảo sẽ giúp cơ thể luôn sẵn sàng năng lượng cho các hoạt động hàng ngày đó.

Giá:  14.000đ

------------------------
Để mua sắm tại MINISTOP, Quý khách có thể lựa chọn các phương thức mua hàng phù hợp:
Danh sách cửa hàng MINISTOP: http://ministop.vn/ms
Mua online Grabmart: https://grb.to/MINISTOP
Mua online ShopeeFood: https://shopeefood.vn/thuong-hieu/ministop-hcm
Mua online Baemin: https://baemin.onelink.me/jjXg/ministop
#ministop #ministopvietnam.
			• Thời gian: 18-01-2023 đến 31-01-2023
			
				
					
				
				Về trang trước",BÁNH BAO HOÀNG KIM
https://www.ministop.vn/campaign,"CƠM CÀ RI NHẬT &amp; GÀ CHIÊN XÙ
			05-01-2023
			
			ĐỔI VỊ VỚI CƠM CÀ RI NHẬT &amp; GÀ CHIÊN XÙ ẤM LÒNG NHỮNG NGÀY  TRỜI TRỞ GIÓ LẠNH.

Nếu bạn chưa thử qua món Cơm cà ri Nhật vớt gà chiên xù thì ghé ngay MINISTOP ăn thử nhé, có khi lại tìm ra món “chân ái” của đời mình đó chứ lị. 

Với hương thơm đặc trưng của Cà ri, vị ngọt tự nhiên của rau củ kết hợp với miếng thịt gà chiên xù giòn rụm ngon nhức nhối sẽ khiến thực khách mê mệt món ăn này luôn đó

Giá: 35.000đ
------------------------
Để mua sắm tại MINISTOP, Quý khách có thể lựa chọn các phương thức mua hàng phù hợp:
Danh sách cửa hàng MINISTOP: http://ministop.vn/ms
Mua online Grabmart: https://grb.to/MINISTOP
Mua online ShopeeFood: https://shopeefood.vn/thuong-hieu/ministop-hcm
Mua online Baemin: https://baemin.onelink.me/jjXg/ministop
#ministop #ministopvietnam.
			• Thời gian: 04-01-2023 đến 31-01-2023
			
				
					
				
				Về trang trước",CƠM CÀ RI NHẬT &amp; GÀ CHIÊN XÙ
https://www.ministop.vn/campaign,"RENEW MÌ KHÔ XÁ XÍU!!!
			17-05-2023
			
			Mì Khô Xá Xíu đã quay trở lại và lợi hại hơn xưa với gấp nhiều lần dinh dưỡng và hương vị đậm đà hơn đó! 

Thử ngay tại cửa hàng Ministop gần bạn nhất nhé!.
			• Thời gian: 17-05-2023 đến 10-08-2023
			
				
					
				
				Về trang trước",RENEW MÌ KHÔ XÁ XÍU!!!
https://www.ministop.vn/campaign,"TEMAKI ONIGIRI TÔM MAYO
			03-05-2023
			
			Nghiện hải sản mà bỏ qua Temaki Onigiri Tôm Mayo là có lỗi với bản thân lắm đó! Với thịt tôm ngọt, mềm thấm đẫm sốt Mayo và gia vị gói gọn trong lớp cơm nóng hổi cuộn rong biển, dự sẽ là best seller dành riêng cho team nghiện hải sản đó nha.

Đừng quên, MINISTOP đang có ưu đãi ĐỒNG GIÁ 13K cho tất cả các sản phẩm ONIGIRI, thử ngay nào!.
			• Thời gian: 03-05-2023 đến 05-07-2023
			
				
					
				
				Về trang trước",TEMAKI ONIGIRI TÔM MAYO
https://www.ministop.vn/campaign,"KEM TƯƠI VỊ DARK CHOCOLATE
			03-05-2023
			
			Dark Chocolate – hương vị “quốc dân” người người nhà nhà yêu mến nay đã có tại MINISTOP. Với lớp kem mát lạnh ngọt béo, kem tươi vị Dark Chocolate sẽ là “ứng viên” sáng giá cho mùa hè nóng bức này đó.

MINISTOP mời bạn đến cửa hàng thử ngay, giá chỉ 12k thôi..
			• Thời gian: 03-05-2023 đến 05-07-2023
			
				
					
				
				Về trang trước",KEM TƯƠI VỊ DARK CHOCOLATE
https://www.ministop.vn/campaign,"CƠM BÒ NƯỚNG KIM CHI
			26-04-2023
			
			MINISTOP ra mắt món mới dành riêng cho bữa trưa của bạn nèee. Mỗi miếng thịt bò nướng BBQ thấm đẫm gia vị ăn cùng kim chi giòn giòn cay cay, thêm cơm trắng nữa là siêu bắt nha... 
Tag ngay đứa bạn thân để được nó bao ăn Cơm Bò Nướng Kim Chi hoyy

Giá: 38.000đ/phần.
			• Thời gian: 26-04-2023 đến 14-06-2023
			
				
					
				
				Về trang trước",CƠM BÒ NƯỚNG KIM CHI
https://www.ministop.vn/campaign,"SANDWICH THỊT NGUỘI SỐT MAYO / GÀ MAYO
			19-04-2023
			
			NEW PRODUCT!!! SANDWICH THỊT NGUỘI SỐT MAYO VÀ SANDWICH GÀ MAYO

Làm dịu ngay cơn đói bụng với 2 items mới toanh của MINISTOP nha! Với công thức kết hợp hoàn hảo của sốt MAYO thơm ngon béo ngậy cùng thịt nguội dai dai và gà nướng thơm lừng, sandwich giờ đây ngon lại càng ngon hơn nữa khi kết hợp với một ngụm pepsi chanh mát lạnh đó. 

Đến MINISTOP để thử ngay món sandwich mới và tận hưởng ưu đãi giảm -9.000đ khi mua combo cùng Pepsi Chanh chai 390ml nhé!!!.
			• Thời gian: 19-04-2023 đến 25-04-2023
			
				
					
				
				Về trang trước",SANDWICH THỊT NGUỘI SỐT MAYO / GÀ MAYO
https://www.ministop.vn/campaign,"BÁNH MÌ CHÀ BÔNG KEM PHÔ MAI
			13-04-2023
			
			Nay MINISTOP cho lên kệ món mới BÁNH MÌ CHÀ BÔNG KEM PHÔ MAI với lớp bánh mì mềm thơm, chà bông vị đậm đà, dai dai ăn cùng lớp nhân kem phô mai béo ngậy, tan chảy là đỉnh của chóp. Nhìn thôi đã không cưỡng lại được với sự thơm ngon đầy hấp dẫn của em nó.

Cùng ra MINISTOP thưởng thức món mới nào.

Giá: 25,000đ.
			• Thời gian: 12-04-2023 đến 31-05-2023
			
				
					
				
				Về trang trước",BÁNH MÌ CHÀ BÔNG KEM PHÔ MAI
https://www.ministop.vn/campaign,"NEW ODEN: CHẢ CÁ ỚT XIÊM CAY
			19-04-2023
			
			LẨU ODEN CÓ TOPPING MỚI: CHẢ CÁ ỚT XIÊM CAY, GIÁ CHỈ 11.000Đ.

Lẩu Oden đã không còn xa lạ với các khách guột của MINISTOP đúng không nào? Nhưng hôm nay ly lẩu sẽ hấp dẫn khác lạ x3 lần với vị ngon mềm dai của chả cá, cay the nhè nhẹ của ớt xiêm. Nghe là đói bụng rồi đúng hem? Mau mau ghé MINISTOP gần bạn nhất để thưởng thức nhé!.
			• Thời gian: 19-04-2023 đến 24-05-2023
			
				
					
				
				Về trang trước",NEW ODEN: CHẢ CÁ ỚT XIÊM CAY
https://www.ministop.vn/campaign,"MINISTOP NAY CÓ GÌ?
			13-04-2023
			
			Một chiếc Sandwich đặc biệt, với sự kết hợp của những nguyên liệu tuy đơn giản nhưng tạo nên một món ăn đậm chất riêng, hương vị riêng. SANDWICH GÀ SỐT NANBAN được tạo nên từ thịt gà trộn sốt Nanban thơm phức kèm với sốt Tar Tar lạ miệng và không thể thiếu xà lách Lolo đầy thanh mát, một sự hòa huyện đầy hoàn hảo.

Với một chiếc SANDWICH GÀ SỐT NANBAN cho bữa sáng bận rộn của bạn no và đầy đủ dinh dưỡng hơn. Nay còn được giảm giá -3,000đ nữa đó.

Cùng ra MINISTOP thưởng thức món mới nào..
			• Thời gian: 12-04-2023 đến 18-04-2023
			
				
					
				
				Về trang trước",MINISTOP NAY CÓ GÌ?
https://www.ministop.vn/campaign,"TRÀ OLONG VỊ DỨA HẠT CHIA
			06-04-2023
			
			MINISTOP xin ra mắt món mới TRÀ OLONG VỊ DỨA HẠT CHIA đầy thơm ngon, mát lạnh, rất phù hợp với thời tiết oi bức giữa chốn sài thành này.

Với hương vị đậm đà của trà, chua chua ngọt ngọt của dứa, kết hợp với hạt Chia tốt cho sức khỏe, tạo nên một sự hoàn hảo mát lạnh thơm ngon đến từng vị giác. 

Đến ngay MINISTOP để thưởng thức nước uống mát lạnh này nhé.

Giá: 20,000đ/ly.
			• Thời gian: 05-04-2023 đến 05-07-2023
			
				
					
				
				Về trang trước",TRÀ OLONG VỊ DỨA HẠT CHIA
https://www.ministop.vn/campaign,"SALAD GÀ SỐT CHANH DÂY
			22-03-2023
			
			GIỮ DÁNG ĐẸP DA CÙNG SALAD GÀ SỐT CHANH DÂY
Không chỉ là món ăn ngon mà còn phải có lợi cho sức khỏe, vừa thưởng thức đồ ăn ưng ý mà còn phải đạt tiêu chuẩn đảm bảo vệ sinh an toàn thực phẩm.

Một công đôi việc, mời bạn ra ngay MINISTOP để bỏ túi món SLAD GÀ SỐT CHANH DÂY nhé với nước sốt chua ngọt, salad tươi ngon kèm với thịt gà thơm ngon. Ngại gì mà không tới thử ngay nào.

Giá: 36.000đ/hộp.
			• Thời gian: 22-03-2023 đến 24-05-2023
			
				
					
				
				Về trang trước",SALAD GÀ SỐT CHANH DÂY
https://www.ministop.vn/campaign,"BÁNH MÌ QUE GÀ SẢ CAY
			10-03-2023
			
			Với vỏ bánh bên ngoài giòn rụm bên trong thì đậm đà, từng sợi thịt gà ướp cay cay kèm với sốt mayo béo ngậy bùng vị.
Món bánh mì que cũng không còn xa lạ với tất cả mọi người nữa. Đây cũng là một món ăn lý tưởng nhẹ nhàng cho bữa sáng, bữa trưa hay bữa tối thêm phần thú vị. 
Giá: 17.000đ.
			• Thời gian: 08-03-2023 đến 09-05-2023
			
				
					
				
				Về trang trước",BÁNH MÌ QUE GÀ SẢ CAY
https://www.ministop.vn/campaign,"SANDWICH -3K
			02-03-2023
			
			BẠN ĐÃ BIẾT YÊU BẢN THÂN ĐÚNG CÁCH CHƯA???

Một trong những cách để yêu bản thân là dù có bận rộn cách mấy cũng không bỏ bữa sáng bạn nhé.

Ghé ngày MINISTOP để có một bữa sáng hoàn hảo cho ngày năng động với sandwich giàu dinh dưỡng, lai đang có khuyến mãi GIẢM 3K nữa đó.

Chương trình áp dụng từ: 01/03 - 07/03
------------------------
Để mua sắm tại MINISTOP, Quý khách có thể lựa chọn các phương thức mua hàng phù hợp:
Danh sách cửa hàng MINISTOP: http://ministop.vn/ms
Mua online Grabmart: https://grb.to/MINISTOP
Mua online ShopeeFood: https://shopeefood.vn/thuong-hieu/ministop-hcm
Mua online Baemin: https://baemin.onelink.me/jjXg/ministop
#ministop #ministopvietnam.
			• Thời gian: 01-03-2023 đến 07-03-2023
			
				
					
				
				Về trang trước",SANDWICH -3K
https://mmvietnam.com/en/promotion/,"26/04/2023
	

	Promotion			
			
				
			🎉 MỪNG LỄ LỚN – HÀNG NGÀN SIÊU SALE DIỄN RA TẠI MM MEGA MARKET 🎉	 
✨ Chào đón Ngày Giải phóng miền Nam 30/04 và Ngày Quốc tế Lao động 01/05, MM mang đến các sản phẩm cực “xịn sò” cùng ƯU ĐÃI NGẬP TRÀN dành cho cả nhà mình đây.
🎁 Với nhiều chương trình KHUYẾN MÃI CỰC HOT đang chờ đợi cả nhà đến và khám phá nha. Đặc biệt hơn, là sự xuất hiện của nhiều sản phẩm mới cho chương trình LỄ TO SALE LỚN lần này, hứa hẹn sẽ mang đến cho nhà mình những trải nghiệm mua sắm đầy thú vị đó.
☀️ GIẢM GIÁ CỰC ĐỈNH ĐẾN 50% với nhiều mặt hàng đa dạng: nước uống, trái cây, sữa tắm, dầu gội, bộ chăn – ga – gối, thiết bị gia đình, vật dụng nấu nướng,…
☀️ Chính sách MUA NHIỀU LỢI NHIỀU quen thuộc với các gia vị làm bếp: nước mắm, đường, bột ngọt, dầu ăn,… và cả những thực phẩm chế biến nhanh chóng: khoai tây, bánh mandu, nui, ngũ cốc, cafe,…
☀️ MUA 2 TẶNG 1, MUA 2 TÍNH TIỀN 1, với những sản phẩm: quần áo, dép, đồ dùng gia đình, đồ ăn vặt,… đến từ các thương hiệu uy tín trong và ngoài nước luôn nhé.
☀️ Chương trình GIÁ SỐC MỖI NGÀY, với vô vàn mặt hàng ưu đãi: chảo rán, nệm bông, quạt đứng, bàn ủi, giày thể thao, nồi cơm điện,… đặc biệt diễn ra từ 28/4 – 07/05.
☀️ Thêm vào đó, khi cả nhà mua sắm tại trung tâm MM Mega Market, còn có cơ hội nhận được X2, X5 ĐIỂM TÍCH LŨY vào app Mcard nữa đó nhe.
😘 Hãy đến ngay trung tâm MM gần nhất, để mua sắm thoải mái với chương trình ƯU ĐÃI CỰC LỚN dịp lễ này nhé! Còn rất nhiều ưu đãi hấp dẫn khác đang chờ cả nhà mình đấy nha.
📆 Chương trình được áp dụng từ ngày 27/04 đến hết ngày 10/05.
&gt;&gt; Tải app MCARD tại: http://mmvietnam.app để khám phá thêm nhiều ưu đãi hấp dẫn nhé!
(*) Lưu ý: Giá có thể thay đổi theo từng trung tâm
————————
MM Mega Market – Hàng Tươi – Giá Tốt Mỗi Ngày!
Ấn Phẩm Khuyến Mãi

#MMMegaMarket #hangtuoi #giasoc #moingay #khuyenmai
Cả nhà có thể đặt hàng theo 3 cách sau:
Cách 1: Đặt hàng trên Website: https://online.mmvietnam.com/
Cách 2: Đặt hàng qua Hotline: 1800 799 998
Cách 3: Đặt hàng qua Zalo:
Danh sách hệ thống trung tâm MM trên toàn quốc hiện đang có mặt trên Zalo:
Khu vực miền nam
– An Phú: https://zalo.me/1475596090535612361
– Bình Phú: http://zalo.me/3377284763462146725
– Hiệp Phú: https://zalo.me/4368427304491725755
– Hưng Phú: https://zalo.me/226937317406995006
– Biên Hòa: http://zalo.me/4577310032528018629?src=qr&amp;f=1
– Long Xuyên: http://zalo.me/1620032842913354363?src=qr&amp;f=1
– Hưng Lợi: http://zalo.me/1753508246695367259?src=qr&amp;f=1
– Rạch Giá: http://zalo.me/4011771494135128019?src=qr&amp;f=1
– Bình Dương: http://zalo.me/2541705095262405253?src=qr&amp;f=1
– Vũng Tàu: http://zalo.me/1246571945673510570?src=qr&amp;f=1
Khu vực miền Trung:
– Đà Nẵng: http://zalo.me/4262440370606966755?src=qr&amp;f=1
– Nha Trang: http://zalo.me/665423662167850842?src=qr&amp;f=1
– Buôn Ma Thuột: http://zalo.me/355366177006947276?src=qr&amp;f=1
Khu vực miền Bắc:
– Thăng Long: http://zalo.me/1017736015873125566?src=qr&amp;f=1
– Hồng Bàng: http://zalo.me/1753124532859605636?src=qr&amp;f=1
– Hoàng Mai: zalo.me/4611108594773994878
– Hà Đông: http://zalo.me/541144257283232329?src=qr&amp;f=1
– Hạ Long: http://zalo.me/2707890209128615095?src=qr&amp;f=1
			
			
				
									
                                    
                        	                -->",🎉 MỪNG LỄ LỚN – HÀNG NGÀN SIÊU SALE DIỄN RA TẠI MM MEGA MARKET 🎉
https://mmvietnam.com/en/promotion/,"07/06/2023
	

	Promotion Uncategorized			
			
				
			🔥 ĐÓN HÈ VUI TƯƠI – GIÁ GIẢM CỰC HOT 🔥	 
⚡️ Tận hưởng một mùa hè thật tuyệt vời cùng MM Mega Market nào cả nhà mình ơi!!!
🎇 Rất nhiều các sản phẩm chất lượng đang có trong chương trình khuyến mãi “GIÁ SỐC CHÀO HÈ” nha gia đình mình. Với các ưu đãi như sau:
👉 MUA 2 TẶNG 1 với nhiều loại thức ăn nhanh, tiện lợi khác nhau: bánh bao, trà sữa, gạo, nui,…
👉 GIẢM GIÁ ĐẾN 50% cho các mặt hàng đồ dùng gia đình như: hộp thủy tinh, chảo, bếp hồng ngoại, nồi cơm điện,…
👉 Chính sách MUA NHIỀU LỢI NHIỀU cho vô vàn đồ ăn vặt đến sản phẩm chăm sóc cơ thể: bia, bánh AFC, yến mạch, cà phê, sữa Milo, dầu gội, sữa tắm, nước rửa tay,…
📌Đặc biệt nhất, chính là các khuyến mãi đến từ các thương hiệu riêng của MM:
🍀 HAPPY PRICE ra mắt các mặt hàng mới với giá giảm cực đỉnh: gạo thông dụng, khoai tây que,… cùng các sản phẩm thân thuộc như túi rác, khăn ăn, nồi sứ,…
🍀 MM Professional và BESICO cũng có nhiều khuyến mãi cực hot, với mặt hàng xúc xích, rau hỗn hợp, móc nhựa, dù gấp, gối,…
🍀 MM BIO giảm ĐỒNG GIÁ 27K cho nhiều loại rau hữu cơ: đọt rau lang, rau dền, đậu bắp,…
📢 Tuyệt vời hơn nữa, cả nhà còn có thể X2, X5 ĐIỂM TÍCH LŨY vào app MCard khi mua các sản phẩm của MM nhé ạ.
📆 Ưu đãi áp dụng từ ngày 08/06 đến hết 21/06 đó nha nhà mình.
🏃‍♀️ Nhanh nhanh đến ngay MM Mega Market gần nhất, để thỏa thích lựa chọn các sản phẩm chất lượng cùng hàng ngàn chương trình giảm giá khác nhau nhé.
&gt;&gt; Tải app MCARD tại: http://mmvietnam.app để khám phá thêm nhiều ưu đãi hấp dẫn nhé!
(*) Lưu ý: Giá có thể thay đổi theo từng trung tâm
————————
MM Mega Market – Hàng Tươi – Giá Tốt Mỗi Ngày!
https://mmvietnam.com/an-pham-khuyen-mai/
#MMMegaMarket #hangtuoi #giasoc #moingay #khuyenmai
Cả nhà có thể đặt hàng theo 3 cách sau:
Cách 1: Đặt hàng trên Website: https://online.mmvietnam.com/
Cách 2: Đặt hàng qua Hotline: 1800 799 998
Cách 3: Đặt hàng qua Zalo:
Danh sách hệ thống trung tâm MM trên toàn quốc hiện đang có mặt trên Zalo:
Khu vực miền nam
– An Phú: https://zalo.me/1475596090535612361
– Bình Phú: http://zalo.me/3377284763462146725
– Hiệp Phú: https://zalo.me/4368427304491725755
– Hưng Phú: https://zalo.me/226937317406995006
– Biên Hòa: http://zalo.me/4577310032528018629?src=qr&amp;f=1
– Long Xuyên: http://zalo.me/1620032842913354363?src=qr&amp;f=1
– Hưng Lợi: http://zalo.me/1753508246695367259?src=qr&amp;f=1
– Rạch Giá: http://zalo.me/4011771494135128019?src=qr&amp;f=1
– Bình Dương: http://zalo.me/2541705095262405253?src=qr&amp;f=1
– Vũng Tàu: http://zalo.me/1246571945673510570?src=qr&amp;f=1
Khu vực miền Trung:
– Đà Nẵng: http://zalo.me/4262440370606966755?src=qr&amp;f=1
– Nha Trang: http://zalo.me/665423662167850842?src=qr&amp;f=1
– Buôn Ma Thuột: http://zalo.me/355366177006947276?src=qr&amp;f=1
Khu vực miền Bắc:
– Thăng Long: http://zalo.me/1017736015873125566?src=qr&amp;f=1
– Hồng Bàng: http://zalo.me/1753124532859605636?src=qr&amp;f=1
– Hoàng Mai: zalo.me/4611108594773994878
– Hà Đông: http://zalo.me/541144257283232329?src=qr&amp;f=1
– Hạ Long: http://zalo.me/2707890209128615095?src=qr&amp;f=1
			
			
				
									
                                    
                        	                -->",🔥 ĐÓN HÈ VUI TƯƠI – GIÁ GIẢM CỰC HOT 🔥
https://mmvietnam.com/en/promotion/,"11/05/2023
	

	Promotion			
			
				
			🌈VUI HÈ RẠNG RỠ – SĂN NGÀN DEAL HOT CÙNG MM🌈	 
🎊Đón hè sôi động, MM mang đến nhiều sản phẩm cực chất lượng cùng HÀNG NGÀN ƯU ĐÃI siêu đỉnh dành cho cả nhà mình đây. Đặc biệt hơn, chính là chương trình DEAL HÈ RẠNG RỠ cùng vô vàn sản phẩm hữu ích cho những ngày hè nắng nóng như thế này nè.
👏GIẢM GIÁ ĐẾN 50% cho các sản phẩm: vật dụng nhà bếp, đồ ăn, thức uống, nước giặt, nước rửa chén,…
👉ĐỒNG GIÁ 19K, 38K, 39K, 48K, 79K với nhiều mặt hàng khác nhau: đồ dùng gia đình và thực phẩm nhập khẩu từ Pháp, Indonesia, Thái Lan,…
🍦GIÁ CHỈ TỪ 69K dành cho LỄ HỘI KEM đến từ nhiều thương hiệu quen thuộc: Wall’s, Celano, Vinamilk, Haagen-Dazs, Cremo,…
✨Chính sách MUA NHIỀU LỢI NHIỀU cũng quay lại với nhiều sản phẩm đa dạng: văn phòng phẩm, sản phẩm thiết yếu dành cho gia đình,…
🎉ƯU ĐÃI ĐẾN 40% dành cho các sản phẩm độc quyền của trung tâm MM: nước rửa chén, bột giặt, xúc xích, bộ dao thớt, nước tinh khiết, giấy vệ sinh,…
🔥Còn gì tuyệt vời hơn, cả nhà mình còn có cơ hội X2, X5 ĐIỂM TÍCH LŨY vào ứng dụng MCard khi mua sắm tại trung tâm đó nha.
📆Ưu đãi áp dụng từ ngày 11/5 đến hết 24/5 đó nha nhà mình.
📌Hãy nhanh nhanh đến với trung tâm MM Mega Market gần nhất, để mua ngay các sản phẩm ưng ý cùng chương trình ƯU ĐÃI CỰC XỊN đang diễn ra nhé.
&gt;&gt; Tải app MCARD tại: http://mmvietnam.app để khám phá thêm nhiều ưu đãi hấp dẫn nhé!
(*) Lưu ý: Giá có thể thay đổi theo từng trung tâm
————————
MM Mega Market – Hàng Tươi – Giá Tốt Mỗi Ngày!
https://mmvietnam.com/an-pham-khuyen-mai/
#MMMegaMarket #hangtuoi #giasoc #moingay #khuyenmai
Cả nhà có thể đặt hàng theo 3 cách sau:
Cách 1: Đặt hàng trên Website: https://online.mmvietnam.com/
Cách 2: Đặt hàng qua Hotline: 1800 799 998
Cách 3: Đặt hàng qua Zalo:
Danh sách hệ thống trung tâm MM trên toàn quốc hiện đang có mặt trên Zalo:
Khu vực miền nam
– An Phú: https://zalo.me/1475596090535612361
– Bình Phú: http://zalo.me/3377284763462146725
– Hiệp Phú: https://zalo.me/4368427304491725755
– Hưng Phú: https://zalo.me/226937317406995006
– Biên Hòa: http://zalo.me/4577310032528018629?src=qr&amp;f=1
– Long Xuyên: http://zalo.me/1620032842913354363?src=qr&amp;f=1
– Hưng Lợi: http://zalo.me/1753508246695367259?src=qr&amp;f=1
– Rạch Giá: http://zalo.me/4011771494135128019?src=qr&amp;f=1
– Bình Dương: http://zalo.me/2541705095262405253?src=qr&amp;f=1
– Vũng Tàu: http://zalo.me/1246571945673510570?src=qr&amp;f=1
Khu vực miền Trung:
– Đà Nẵng: http://zalo.me/4262440370606966755?src=qr&amp;f=1
– Nha Trang: http://zalo.me/665423662167850842?src=qr&amp;f=1
– Buôn Ma Thuột: http://zalo.me/355366177006947276?src=qr&amp;f=1
Khu vực miền Bắc:
– Thăng Long: http://zalo.me/1017736015873125566?src=qr&amp;f=1
– Hồng Bàng: http://zalo.me/1753124532859605636?src=qr&amp;f=1
– Hoàng Mai: zalo.me/4611108594773994878
– Hà Đông: http://zalo.me/541144257283232329?src=qr&amp;f=1
– Hạ Long: http://zalo.me/2707890209128615095?src=qr&amp;f=1
			
			
				
									
                                    
                        	                -->",🌈VUI HÈ RẠNG RỠ – SĂN NGÀN DEAL HOT CÙNG MM🌈
https://mmvietnam.com/en/promotion/,"24/05/2023
	

	Promotion			
			
				
			🔥 MUA SẮM THẢ GA – GIÁ CỰC ƯU ĐÃI CÙNG MM MEGA MARKET 🔥	🔥 MUA SẮM THẢ GA – GIÁ CỰC ƯU ĐÃI CÙNG MM MEGA MARKET 🔥✨ Deal Siêu hot – Siêu ưu đãi, mà MM dành cho cả nhà mình đây nè!
👏 Chương trình MUA CÀNG NHIỀU – GIÁ CÀNG RẺ đang diễn ra cùng hàng ngàn sản phẩm chất lượng cực kỳ luôn nha.
🍀 MUA 2 TẶNG 1 với các thực phẩm đóng gói, thức uống, và sản phẩm dùng trong gia đình: chả giò, bánh bao, trà chanh, nước ngọt, nước đóng chai, sữa tắm, giấy vệ sinh,…
🌟Chính sách MUA 2 TÍNH TIỀN 1 với các mặt hàng: trà sữa trân châu, quần short, dép, thảm, xà bông rửa xe,…
🎉 GIẢM GIÁ ĐẾN 50% cho các mặt hàng dành cho gia đình: máy sấy tóc, găng tay, dao, lều, giường xếp, ruột gối,…
👌 ƯU ĐÃI ĐẾN 40% với các vật dụng nhà bếp siêu chất lượng: chảo chống dính, nồi inox, thớt, bộ dao, quánh inox, bộ lau nhà, màng PVC
📢 GIÁ CHỈ 1.000Đ khi mua sản phẩm thứ 2 cùng loại: chảo rán phủ nhôm, bình nhựa Besico, khay đá, quần đùi, vớ cổ vừa.
💖 ĐỒNG GIÁ 89K cho các chú gấu bông xinh xắn, đủ màu sắc trong chương trình Thế giới Gấu iu.
🌸 ĐỒNG GIẢM 20% – 25% cho các sản phẩm cực ngon mang đậm hương vị Ấn Độ: khoai tây, hạt sen, thịt trâu, cà ri, bột gia vị, đậu các loại, gạo thơm,…
🎁 Đặc biệt, MUA NHIỀU LỢI NHIỀU với đa dạng các loại thực phẩm, đồ uống, gia vị nấu ăn: rượu Soju, nước tăng lực, bánh oreo, socola, bột ngọt, hạt nêm,…
✔ Ngoài ra, nhà mình còn có cơ hội X2, X5 ĐIỂM TÍCH LŨY qua app MCard khi mua sắm tại trung tâm MM nữa đó nha.
📆 Ưu đãi áp dụng từ ngày 25/05 đến hết 07/06 đó nha nhà mình.
🏃‍♀️ Hãy nhanh nhanh đến với trung tâm MM Mega Market gần nhất, để dễ dàng lựa chọn các sản phẩm ưng ý với GIÁ CỰC ƯU ĐÃI này nhé.
&gt;&gt; Tải app MCARD tại: http://mmvietnam.app để khám phá thêm nhiều ưu đãi hấp dẫn nhé!
(*) Lưu ý: Giá có thể thay đổi theo từng trung tâm
————————
MM Mega Market – Hàng Tươi – Giá Tốt Mỗi Ngày!
https://mmvietnam.com/an-pham-khuyen-mai/
#MMMegaMarket #hangtuoi #giasoc #moingay #khuyenmai
Cả nhà có thể đặt hàng theo 3 cách sau:
Cách 1: Đặt hàng trên Website: https://online.mmvietnam.com/
Cách 2: Đặt hàng qua Hotline: 1800 799 998
Cách 3: Đặt hàng qua Zalo:
Danh sách hệ thống trung tâm MM trên toàn quốc hiện đang có mặt trên Zalo:
Khu vực miền nam
– An Phú: https://zalo.me/1475596090535612361
– Bình Phú: http://zalo.me/3377284763462146725
– Hiệp Phú: https://zalo.me/4368427304491725755
– Hưng Phú: https://zalo.me/226937317406995006
– Biên Hòa: http://zalo.me/4577310032528018629?src=qr&amp;f=1
– Long Xuyên: http://zalo.me/1620032842913354363?src=qr&amp;f=1
– Hưng Lợi: http://zalo.me/1753508246695367259?src=qr&amp;f=1
– Rạch Giá: http://zalo.me/4011771494135128019?src=qr&amp;f=1
– Bình Dương: http://zalo.me/2541705095262405253?src=qr&amp;f=1
– Vũng Tàu: http://zalo.me/1246571945673510570?src=qr&amp;f=1
Khu vực miền Trung:
– Đà Nẵng: http://zalo.me/4262440370606966755?src=qr&amp;f=1
– Nha Trang: http://zalo.me/665423662167850842?src=qr&amp;f=1
– Buôn Ma Thuột: http://zalo.me/355366177006947276?src=qr&amp;f=1
Khu vực miền Bắc:
– Thăng Long: http://zalo.me/1017736015873125566?src=qr&amp;f=1
– Hồng Bàng: http://zalo.me/1753124532859605636?src=qr&amp;f=1
– Hoàng Mai: zalo.me/4611108594773994878
– Hà Đông: http://zalo.me/541144257283232329?src=qr&amp;f=1
– Hạ Long: http://zalo.me/2707890209128615095?src=qr&amp;f=1
			
			
				
									
                                    
                        	                -->",🔥 MUA SẮM THẢ GA – GIÁ CỰC ƯU ĐÃI CÙNG MM MEGA MARKET 🔥
https://thepizzacompany.vn/special-promotion,"Ưu đãi Mua 1 tặng 1 món ngon mỗi ngày như sau:
THỨ 2: Mua 1 Mỳ Ý bất kỳ, tặng 1 Mỳ Ý bất kỳ giá bằng hoặc thấp hơn.
THỨ 3 &amp; THỨ 4: Mua 1 Pizza bất kỳ từ size M, tặng 1 Pizza dòng truyền thống cùng size.
THỨ 5: Pizza New York size XXXL 18"" chỉ còn nửa giá.
THỨ 6: Mua 1 Khai Vị bất kỳ, tặng 1 Khai Vị bất kỳ giá bằng hoặc thấp hơn.
'THỨ 7: Mua 1 Salad bất kỳ , tặng 1 Salad bất kỳ giá bằng hoặc thấp hơn.
CHỦ NHẬT: Mua 1 Gà Giòn Xốt Hàn bất kỳ, tặng 1 Gà Giòn Xốt Hàn (2 miếng).
 


Điều kiện áp dụng:
 Áp dụng cho dịch vụ Giao hàng tận nơi và Mua mang về khi đặt hàng qua Hotline 1900 6066 hoặc Website https://thepizzacompany.vn/hereal từ 19/06 đến hết 27/08/2023.
 Áp dụng dùng bữa tại Nhà hàng hoặc Mua mang về: Khi khách hàng có Mã quà tặng từ Zalo OA từ 19/06 đến hết 27/08/2023.
 Áp dụng dùng bữa hoặc mua mang về trực tiếp tại Nhà hàng từ ngày 24/07 đến hết 27/08/2023.
 Giá trị món Tặng thấp hơn hoặc bằng giá trị món Mua.
 Không áp dụng chung với các chương trình khuyến mãi, giảm giá khác.
 Không áp dụng với Menu Thật Chất",HÈ REAL DEAL XỊN - MUA 1 TẶNG 1
https://thepizzacompany.vn/special-promotion,"PIZZA kết hợp cùng BÁNH MÌ và HÁT BỘI?Mối quan hệ tưởng chừng không liên quan nhưng mời bạn khám phá điều thú vị này qua lăng kính ""Thật Chất"" của The Pizza Company nhé! Hát bội - Một loại hình nghệ thuật được du nhập, cải biên và trở thành di sản văn hoá phi vật thể trong đời sống tinh thần của người Việt Nam từ nhiều thế hệ trước. Bánh mì - Món ăn cũng đã du nhập, cải biên và trở thành top món ngon Việt Nam rất được yêu thích trên thế giới. Không nằm ngoài mong muốn lưu giữ nét đặc trưng của ẩm thực Việt trên các món ăn du nhập từ nước ngoài, The Pizza Company cho ra mắt Menu Thật Chất với tiêu điểm là sản phẩm BAMIZZA, Pizza kết hợp cùng hương vị đặc trưng của Bánh Mì Paté.Đây cũng chính là ""CHẤT"" riêng của The Pizza Company khi vận dụng yếu tố văn hoá địa phương vào món ăn phương tây nhưng vẫn lưu giữ được nét độc đáo mang bản sắc dân tộc.
 
Điều kiện áp dụng chương trình: 
- Thời gian áp dụng: Từ 19/09/2022 đến khi có thông báo mới
- Áp dụng cho dùng bữa tại chỗ, mua mang về, giao hàng tận nơi
- Phụ thu phí giao hàng 25,000VND với đơn hàng từ 100.000VND trở lên khi đặt hàng qua Hotline 19006066 hoặc Website www.thepizzacompany.vn",Menu Thật Chất
https://thepizzacompany.vn/special-promotion,"Mua 1 Pizza từ size M và 1 thức uống bất kỳ được giảm ngay 50% khi mua Pizza thứ 2, cùng cỡ. Bánh Pizza thứ 2 có giá trị bằng hoặc thấp hơn so với Pizza thứ nhất.

Áp dụng tất cả các ngày trong tuần.
Áp dụng cho dịch vụ mua mang về khi đặt hàng qua Hotline 19006066 hoặc Website.
Áp dụng cho giao hàng tận nơi khi đặt hàng qua Hotline 19006066 hoặc Website.
Giao hàng tận nơi với hóa đơn từ 100.000đ trở lên và trong phạm vi bán kính 4km.
Không áp dụng chung với các chương trình khuyến mãi, giảm giá khác. 
Không áp dụng cho menu Pizza Chất. 
Với mỗi hóa đơn có sản phẩm thuộc chương trình khuyến mại Giảm 50% Pizza thứ hai, phụ thu phí giao hàng 25,000VND/đơn khi đặt hàng qua Hotline 19006066 hoặc Website.",Tiết Kiệm 50% Pizza
https://thepizzacompany.vn/special-promotion,"Mua 1 Pizza size M/L, tặng 1 Pizza (Đế Dày/Mỏng) dòng Classic cùng cỡ.

Áp dụng vào Thứ 3 cho dịch vụ giao hàng tận nơi khi đặt hàng qua Hotline 19006066 hoặc Website và Mua mang về.
Áp dụng vào Thứ 4 cho dịch vụ giao hàng tận nơi khi đặt hàng qua Hotline 19006066 hoặc Website, Dùng tại chỗ và Mua mang về.
Giao hàng tận nơi với hóa đơn từ 100.000đ trở lên và trong phạm vi bán kính 4km.
Không áp dụng chung với các chương trình khuyến mãi, giảm giá khác.
Không áp dụng cho Menu Pizza Chất. 
Không áp dụng các ngày Lễ, Tết, 21/4, 30/4, 1/5.
Với mỗi hóa đơn có sản phẩm thuộc chương trình khuyến mại Mua 1 Tặng 1 Pizza Thứ 3 &amp; Thứ 4, phụ thu phí giao hàng 25,000VND/đơn khi đặt hàng qua Hotline 19006066 hoặc Website.",Mua 1 Tặng 1 Pizza
https://thepizzacompany.vn/special-promotion,"Áp dụng cho dùng bữa tại chỗ, mua mang về, giao hàng tận nơi.
Phụ thu phí giao hàng 25,000VND với đơn hàng từ 100.000VND trở lên khi đặt hàng qua Hotline 19006066 hoặc Website www.thepizzacompany.vn",GÀ GIÒN XỐT HÀN
